"id","date_time","incident_num","location","apt_lot","type_id","lat","lng","group"
1806,10/26/12 05:42 PM,2012204907,"5 SWITZLER ST-CO",,38,38.95687,-92.33824,-1
8513,10/03/12 12:28 PM,2012189869,"FAIRVIEW AV-CO/SEVENTH ST N-CO",,14,38.9617,-92.3294,-1
5713,10/13/12 03:04 AM,2012196227,"915 PORT WY-CO",,8,38.95813,-92.25254,-1
2998,10/22/12 12:51 PM,2012202036,"121 CLINTON DR-CO",,18,38.95571,-92.35426,-1
2359,10/24/12 08:25 PM,2012203600,"HIGHWAY 63 CONNECTOR NB-CO/CLARK LN-CO",,1,38.9636,-92.2918,10
5559,10/13/12 02:09 PM,2012196521,"SEXTON RD E-CO/KING AV-CO",,1,38.9593,-92.3351,-1
2361,10/24/12 08:20 PM,2012203597,"5204 BEACON FALLS DR-CO",,16,38.89866,-92.41024,-1
3008,10/22/12 11:25 AM,2012202012,"600 WALNUT ST E-CO",,33,38.95248,-92.33047,2
3044,10/22/12 04:11 AM,2012201918,"COLLEGE AV S-CO/STADIUM BLVD E-CO",,36,38.9347,-92.3231,-1
4572,10/16/12 04:52 PM,2012198521,"HIGHWAY 763 N-CO/BROWN SCHOOL RD E-CO",,7,39.0008,-92.3235,-1
2308,10/24/12 11:20 PM,2012203728,"1801 STANFORD DR-CO",,12,38.94186,-92.366,-1
7714,10/05/12 08:10 PM,2012191547,"3004 CLARK LN-CO",,1,38.96309,-92.29296,-1
7110,10/07/12 04:41 PM,2012192773,"2933 LEEWAY DR-CO",,35,38.98669,-92.29384,-1
6491,10/10/12 12:19 PM,2012194386,"ROUTE K W-BC/NURSERY RD S-BC",,2,38.8696,-92.4013,-1
2290,10/25/12 12:27 AM,2012203768,"STADIUM BLVD N-CO/ASH ST W-CO",,1,38.9576,-92.3714,-1
251,10/31/12 01:46 PM,2012208233,"PROVIDENCE RD N-CO/WALNUT ST E-CO",,10,38.9527,-92.3341,-1
4707,10/16/12 04:53 AM,2012198223,"3211 CLARK LN-CO",,6,38.96443,-92.29003,6
4327,10/17/12 10:10 AM,2012199010,"2009 BERNADETTE DR-CO",,16,38.96585,-92.37037,-1
280,10/31/12 11:04 AM,2012208178,"2101 BROADWAY W-CO","Y",17,38.95548,-92.37251,-1
1901,10/26/12 06:56 AM,2012204685,"4108 DOE CREEK DR-CO",,47,38.99323,-92.25,-1
7730,10/05/12 06:42 PM,2012191539,"GRAND AV-CO/BUSINESS LOOP 70 E-CO",,7,38.9649,-92.3364,-1
9107,10/01/12 02:23 PM,2012188609,"COATS ST-CO/BUSINESS LOOP 70 E-CO",,7,38.9641,-92.3275,-1
664,10/30/12 02:29 AM,2012207293,"2904 RANGE LINE ST-CO",22,26,38.98088,-92.32431,-1
5326,10/14/12 01:52 AM,2012196956,"3402 I70 DR SOUTHEAST-CO",,24,38.9608,-92.28674,-1
4147,10/18/12 12:58 AM,2012199445,"111 HITT ST-CO",,3,38.94965,-92.32589,-1
7348,10/06/12 09:45 PM,2012192295,"3003 FALLING LEAF CT-CO",,17,38.91701,-92.29555,-1
7959,10/04/12 11:09 PM,2012190976,"HIGHWAY 63 CONNECTOR NB-CO/CLARK LN-CO",,14,38.9636,-92.2918,10
5908,10/12/12 01:52 PM,2012195702,"MKT TRAIL-CO/FORUM BLVD-CO",,59,38.9235,-92.3654,-1
7384,10/06/12 08:00 PM,2012192216,"HIGHWAY 63 CONNECTOR NB-CO/I70 E-CO",,8,38.9617,-92.2921,8
3635,10/19/12 09:41 PM,2012200615,"904 MOSS ST-CO",,15,38.9608,-92.31186,-1
4241,10/17/12 05:57 PM,2012199217,"3500 WEYMEYER DR-CO",,16,39.00278,-92.28467,-1
8115,10/04/12 02:11 PM,2012190647,"3110 ALPINE DR-CO","K",10,38.98296,-92.28644,-1
5194,10/14/12 07:05 AM,2012197175,"900 VANDIVER DR-CO",,4,38.97065,-92.32667,-1
6728,10/09/12 12:48 PM,2012193754,"2518 BUSINESS LOOP 70 E-CO",,2,38.96254,-92.299768,-1
5929,10/12/12 12:07 PM,2012195653,"1704 PROVIDENCE RD N-CO",,24,38.97057,-92.33317,-1
2062,10/25/12 06:32 PM,2012204284,"2904 RANGE LINE ST-CO",44,2,38.98066,-92.32565,-1
3063,10/22/12 02:11 AM,2012201872,"511 SIMMONS CT-CO",,17,38.94947,-92.39318,-1
3458,10/20/12 07:43 AM,2012200976,"1225 FELLOWS PL-CO",,18,38.9345,-92.32495,-1
6841,10/08/12 09:16 PM,2012193439,"NINTH ST N-CO/WALNUT ST E-CO",,2,38.9526,-92.3275,-1
5794,10/12/12 10:08 PM,2012196022,"RANGE LINE ST-CO/I70 E-CO",,7,38.9686,-92.3249,0
5962,10/12/12 06:12 AM,2012195578,"COLLEGE AV N-CO/ASH ST E-CO",,1,38.9537,-92.3217,-1
1719,10/26/12 10:17 PM,2012205111,"109 STADIUM BLVD N-CO",,10,38.95667,-92.37299,-1
7447,10/06/12 03:35 PM,2012192098,"2904 RANGE LINE ST-CO",75,24,38.98037,-92.32387,-1
8023,10/04/12 07:08 PM,2012190828,"ROCK QUARRY RD-CO/RIBACK RD-CO",,1,38.917,-92.3156,-1
8866,10/02/12 05:00 AM,2012189119,"100 OLD HIGHWAY 63 N-CO",,25,38.9515,-92.31114,-1
6004,10/12/12 03:33 AM,2012195505,"807 BUSINESS LOOP 70 W-CO",,16,38.9665,-92.34957,-1
1727,10/26/12 09:49 PM,2012205099,"2211 GRIZZLY CT-CO",,16,38.98088,-92.3039,-1
8060,10/04/12 04:44 PM,2012190747,"CHAPEL HILL RD-CO/HANDLEY PL-CO",,1,38.9351,-92.3796,-1
2510,10/24/12 07:21 AM,2012203251,"3905 ARCTIC FOX DR-CO",,25,38.9906,-92.33518,-1
1068,10/28/12 10:16 AM,2012206318,"1000 BLK GRAND AV-CO",,44,38.962614,-92.336476,-1
6438,10/10/12 03:29 PM,2012194477,"600 WALNUT ST E-CO",,2,38.95248,-92.33047,2
1545,10/27/12 06:23 AM,2012205553,"485 FOXFIRE DR-CO",,4,38.92006,-92.33179,-1
1278,10/28/12 12:04 AM,2012205955,"227 SIXTH ST S-CO",,10,38.94886,-92.33121,-1
1811,10/26/12 05:22 PM,2012204892,"NEW HAVEN RD-CO/LEMONE INDUSTRIAL BLVD-CO",,1,38.9128,-92.2919,-1
3799,10/19/12 05:56 AM,2012200259,"STADIUM BLVD W-CO/MKT TRAIL-CO",,1,38.9387,-92.3474,-1
732,10/29/12 09:47 PM,2012207107,"PROVIDENCE RD N-CO/WALNUT ST E-CO",,7,38.9527,-92.3341,-1
513,10/30/12 06:20 PM,2012207631,"MELBOURNE ST-CO/PRATT ST-CO",,42,38.953,-92.32,-1
1882,10/26/12 11:36 AM,2012204739,"105 ALBANY DR-CO","C",24,38.95133,-92.28903,-1
4819,10/15/12 08:38 PM,2012197962,"4011 BLK I70 DR SOUTHEAST-CO",,15,,,-1
7429,10/06/12 04:59 PM,2012192134,"2604 QUAIL DR-CO","B",38,38.96945,-92.29866,-1
8832,10/02/12 12:36 PM,2012189203,"SEVENTH ST N-CO/BUSINESS LOOP 70 E-CO",,3,38.9641,-92.3293,-1
511,10/30/12 06:22 PM,2012207635,"ASH ST E-CO/COLLEGE AV N-CO",,42,38.9537,-92.3217,-1
5030,10/15/12 12:03 AM,2012197516,"1600 BROADWAY E-CO",,10,38.94981,-92.31585,-1
1756,10/26/12 08:18 PM,2012205022,"218 OLD HIGHWAY 63 N-CO",12,3,38.9546,-92.31097,-1
1296,10/27/12 10:55 PM,2012206000,"104 STEWART RD E-CO",20,4,38.94602,-92.33642,-1
5283,10/14/12 03:39 AM,2012197036,"EIGHTH ST S-CO/LOCUST ST-CO",,3,38.9495,-92.3287,-1
5886,10/12/12 03:34 PM,2012195823,"304 COLLEGE AV S-CO",,39,38.94817,-92.32141,-1
3608,10/19/12 10:48 PM,2012200667,"109 STADIUM BLVD N-CO",5,17,38.95665,-92.37323,2
1111,10/28/12 06:56 AM,2012206242,"DOWNTOWN",,2,38.9525,-92.3305,-1
5465,10/13/12 06:39 PM,2012196686,"PROVIDENCE RD N-CO/SEXTON RD E-CO",,37,38.959,-92.3341,-1
7037,10/07/12 11:56 PM,2012192948,"SIXTH ST N-CO/WALNUT ST E-CO",,3,38.9526,-92.3308,-1
7189,10/07/12 05:41 AM,2012192599,"212 GREEN MEADOWS RD E-CO",2,32,38.91575,-92.33614,-1
475,10/30/12 08:18 PM,2012207719,"NIFONG BLVD W-CO/OLD MILL CREEK RD S-CO",,1,38.9109,-92.3817,-1
6754,10/09/12 07:13 AM,2012193676,"4600 FORUM BLVD-CO",,47,38.90054,-92.35527,-1
8573,10/03/12 02:42 AM,2012189740,"1901 RANGE LINE ST-CO",,16,38.97142,-92.32633,-1
3858,10/19/12 12:59 AM,2012200110,"1200 WORLEY ST W-CO",,19,38.95948,-92.35598,-1
967,10/28/12 10:25 PM,2012206557,"PARIS RD-CO/VANDIVER DR-CO",,23,38.9731,-92.3025,-1
226,10/31/12 02:56 PM,2012208280,"103 STADIUM BLVD N-CO",121,17,38.95601,-92.37227,-1
8527,10/03/12 08:42 AM,2012189830,"2401 BROADWAY W-CO",,25,38.95576,-92.37526,-1
5362,10/14/12 12:17 AM,2012196890,"2900 OLD HIGHWAY 63 S-CO",,17,38.91769,-92.30444,2
4932,10/15/12 02:38 PM,2012197726,"CITY",,22,38.9525,-92.3305,7
323,10/31/12 04:25 AM,2012208053,"1011 BROADWAY E-CO",,11,38.95166,-92.32603,-1
6892,10/08/12 05:24 PM,2012193301,"5008 ROYAL LYTHAM DR-CO",,24,38.89596,-92.35967,-1
8969,10/01/12 10:38 PM,2012188917,"2608 NELWOOD DR-CO",,1,38.97747,-92.2973,5
4460,10/16/12 10:23 PM,2012198726,"100 BROADWAY W-CO",,3,38.95108,-92.33983,-1
6773,10/09/12 03:48 AM,2012193636,"1416 OLD HIGHWAY 63 S-CO",,3,38.93208,-92.31066,-1
1703,10/26/12 11:24 PM,2012205153,"5000 CARRIERIDGE DR-CO",,1,38.89554,-92.34248,-1
6673,10/09/12 04:39 PM,2012193861,"1000 KNIPP ST-CO",,17,38.96593,-92.37206,-1
836,10/29/12 03:27 PM,2012206875,"3011 DAVID DR-CO",,32,38.9853,-92.29211,-1
7109,10/07/12 04:42 PM,2012192775,"1270 I70 W-CO",,31,38.9688,-92.3276,1
4028,10/18/12 02:42 PM,2012199749,"4303 PROVIDENCE RD S-CO",,7,38.90182741,-92.33708557,10
5137,10/14/12 01:37 PM,2012197274,"CLARK LN-CO/HIGHWAY 63 CONNECTOR NB-CO",,1,38.9636,-92.2918,-1
2393,10/24/12 06:15 PM,2012203509,"COLLEGE AV N-CO/WILKES BLVD-CO",,7,38.9601,-92.3213,-1
1988,10/25/12 11:58 PM,2012204487,"711 BUSINESS LOOP 70 E-CO",,15,38.96463,-92.32797,-1
4308,10/17/12 12:50 PM,2012199057,"16 HITT ST-CO",1,39,38.95062,-92.3252,-1
3345,10/20/12 08:31 PM,2012201225,"601 ANN ST N-CO","C",25,38.9576,-92.31469,-1
6327,10/10/12 10:06 PM,2012194715,"3201 CREASY SPRINGS RD-CO",,19,38.98605,-92.35176,-1
8431,10/03/12 04:41 PM,2012190000,"2834 STADIUM BLVD E-CO",,17,,,-1
2398,10/24/12 05:54 PM,2012203524,"4707 HOCKADAY PL-CO",,38,39.00048,-92.31116,-1
2281,10/25/12 01:06 AM,2012203797,"PROVIDENCE RD S-CO/STADIUM BLVD E-CO",,1,38.9379,-92.3343,-1
2068,10/25/12 06:08 PM,2012204268,"BALLENGER LN-CO/TIMBER LN-CO",,3,38.9821,-92.2648,2
9011,10/01/12 08:06 PM,2012188819,"1915 WAVERLY CT-CO","A",13,38.90946,-92.30968,-1
3020,10/22/12 06:32 AM,2012201974,"600 WALNUT ST E-CO",,2,38.95248,-92.33047,-1
1828,10/26/12 04:05 PM,2012204856,"1400 FORUM BLVD-CO",6,17,38.93624,-92.3585,-1
4103,10/18/12 03:41 AM,2012199537,"1009 GARTH AV N-CO",,4,38.96288,-92.33884,-1
1963,10/26/12 02:28 AM,2012204557,"NINTH ST N-CO/PARK AV-CO",,1,38.9545,-92.3275,-1
5950,10/12/12 06:54 AM,2012195603,"123 NINTH ST S-CO",,3,38.94969,-92.32796,2
8298,10/03/12 11:34 PM,2012190273,"LASALLE PL-CO/WORLEY ST E-CO",,1,38.9577,-92.3364,-1
7401,10/06/12 06:58 PM,2012192184,"CITY",,8,38.9525,-92.3305,-1
1180,10/28/12 04:27 AM,2012206142,"2415 NORTHAMPTON DR-CO",,4,38.91286,-92.3028,2
2514,10/24/12 06:37 AM,2012203242,"110 STEWART RD E-CO",,4,38.94581,-92.33584,8
8877,10/02/12 04:15 AM,2012189108,"CITY",,2,38.9525,-92.3305,-1
7991,10/04/12 08:49 PM,2012190894,"I70 E-CO/HIGHWAY 63 CONNECTOR NB-CO",,1,38.9617,-92.2921,8
8031,10/04/12 06:36 PM,2012190813,"114 CLINKSCALES RD-CO",,17,38.95641,-92.36202,-1
5367,10/14/12 12:09 AM,2012196892,"I70 E-CO/HIGHWAY 63 CONNECTOR NB-CO",,41,38.9617,-92.2921,-1
6913,10/08/12 04:00 PM,2012193279,"1512 BUSINESS LOOP 70 W-CO","D",24,38.96716,-92.36127,-1
3261,10/21/12 04:09 AM,2012201434,"STADIUM BLVD W-CO/WEST BLVD S-CO",,36,38.9391,-92.353,-1
8421,10/03/12 05:02 PM,2012190020,"PROVIDENCE RD S-CO/STEWART RD E-CO",,7,38.946,-92.3345,-1
7137,10/07/12 12:41 PM,2012192703,"STADIUM BLVD N-CO/I70 W-CO",,5,38.9683,-92.3711,-1
7310,10/07/12 12:16 AM,2012192379,"1610 RICHARDSON ST-CO",,1,38.95469,-92.31559,-1
4421,10/17/12 12:48 AM,2012198816,"3205 CRABAPPLE LN-CO",,17,38.89384,-92.38591,3
3653,10/19/12 08:23 PM,2012200564,"2404 SUNFLOWER ST-CO",,40,38.98102,-92.37963,-1
3532,10/20/12 03:11 AM,2012200845,"29 TENTH ST S-CO",,3,38.95066,-92.32674,-1
5032,10/14/12 11:58 PM,2012197514,"3001 BROADWAY W-CO",,17,38.95696,-92.38247,2
3884,10/18/12 10:43 PM,2012200029,"104 PARK DE VILLE DR-CO",,17,38.95727,-92.38405,-1
6500,10/10/12 10:58 AM,2012194370,"CITY",,33,38.9525,-92.3305,-1
7837,10/05/12 07:08 AM,2012191259,"WALNUT ST E-CO/COLLEGE AV N-CO",,1,38.9525,-92.3217,-1
5639,10/13/12 06:16 AM,2012196370,"1715 WORLEY ST W-CO","D",12,38.96099,-92.36528,-1
4058,10/18/12 07:52 AM,2012199647,"PARIS RD-CO/COLLEGE AV N-CO",,1,38.9564,-92.3216,-1
3644,10/19/12 09:11 PM,2012200594,"2200 BALLENGER LN-CO",,7,,,-1
3655,10/19/12 08:21 PM,2012200560,"200 PROVIDENCE RD N-CO",,10,38.9541,-92.33375,-1
6462,10/10/12 02:01 PM,2012194438,"DERBY RIDGE DR-CO/AVATAR CT-CO",,1,38.9938,-92.3173,-1
2544,10/24/12 03:26 AM,2012203147,"2799 GARTH AV N-CO",,25,38.98037,-92.34018,-1
600,10/30/12 01:28 PM,2012207452,"SEVENTH ST N-CO/BUSINESS LOOP 70 E-CO",,42,38.9641,-92.3293,-1
1081,10/28/12 08:26 AM,2012206288,"BROADWAY E-CO/GREEN VALLEY DR-CO",,1,38.9485,-92.3072,-1
2277,10/25/12 01:15 AM,2012203813,"2309 HIGHLAND DR-CO",,3,38.95361,-92.37395,-1
4750,10/16/12 12:41 AM,2012198111,"PARIS RD-CO/MOUNT VERNON AV-CO",,1,38.9602,-92.3156,-1
6128,10/11/12 05:19 PM,2012195152,"3301 WOODDALE LN-CO",,17,38.91844,-92.37099,-1
7101,10/07/12 05:17 PM,2012192797,"706 LEE ST-CO",,5,38.94317,-92.3205,-1
210,10/31/12 04:01 PM,2012208326,"CHAPEL HILL RD-CO/FAIRVIEW RD S-CO",,2,38.9355,-92.381,-1
3340,10/20/12 08:40 PM,2012201233,"404 COLLEGE AV N-CO",,24,38.95538,-92.3213,-1
9006,10/01/12 08:26 PM,2012188833,"WALNUT ST E-CO/COLLEGE AV N-CO",,1,38.9525,-92.3217,0
5282,10/14/12 03:40 AM,2012197037,"101 FIFTH ST S-CO",,8,38.95045,-92.3321,-1
3689,10/19/12 06:13 PM,2012200477,"2001 BROADWAY E-CO",,3,38.95014,-92.3081,-1
5745,10/13/12 01:01 AM,2012196142,"RANGE LINE ST-CO/I70 E-CO",,5,38.9686,-92.3249,-1
2497,10/24/12 10:10 AM,2012203270,"2412 BUSINESS LOOP 70 E-CO",,16,38.96324,-92.30163,4
7536,10/06/12 05:35 AM,2012191924,"204 NINTH ST S-CO","A",3,38.94929,-92.32726,-1
538,10/30/12 05:01 PM,2012207586,"PROVIDENCE RD S-CO/CARRIE FRANCKE DR-CO",,1,38.9335,-92.337,-1
5214,10/14/12 06:16 AM,2012197135,"120 NINTH ST S-CO",,23,38.94988,-92.32738,-1
826,10/29/12 03:47 PM,2012206887,"MEXICO GRAVEL RD-CO/VANDIVER DR-CO",,1,38.981,-92.2798,-1
2950,10/22/12 04:44 PM,2012202172,"703 GLENSTONE DR-CO",,9,38.95793,-92.27885,-1
421,10/30/12 10:30 PM,2012207829,"KELSEY DR-CO/IRMA DR-CO",,1,38.9755,-92.2519,-1
2894,10/22/12 07:50 PM,2012202251,"2016 PARIS RD-CO",,36,38.96761,-92.30725,-1
3600,10/19/12 11:05 PM,2012200744,"2203 RANGE LINE ST-CO","2A",32,38.9748,-92.3273,-1
1514,10/27/12 07:07 AM,2012205488,"110 STEWART RD E-CO",,5,38.94581,-92.33584,-1
4637,10/16/12 02:17 PM,2012198357,"1001 ROGERS ST-CO",,71,38.9574,-92.32641,-1
8158,10/04/12 08:36 AM,2012190556,"4103 WHITE TIGER ST-CO",,39,,,-1
3389,10/20/12 04:04 PM,2012201126,"801 VANDIVER DR-CO",,31,38.97174,-92.3273,-1
5789,10/12/12 10:22 PM,2012196034,"3503 CROSS TIMBER CT-CO",,17,38.91476,-92.38878,-1
2958,10/22/12 04:15 PM,2012202132,"3202 BLUE GROUSE DR-CO",,9,38.98407,-92.3315,-1
7295,10/07/12 12:45 AM,2012192395,"BUSINESS LOOP 70 E-CO/FAY ST-CO",,1,38.964,-92.3224,-1
5547,10/13/12 02:51 PM,2012196542,"1800 BLK KATY LN-CO",,1,,,-1
1701,10/26/12 11:34 PM,2012205162,"220 BUSINESS LOOP 70 E-CO",,8,38.96431,-92.33437,-1
7927,10/05/12 12:29 AM,2012191028,"ELM ST-CO/SIXTH ST S-CO",,1,38.9486,-92.3309,-1
1717,10/26/12 10:27 PM,2012205119,"3100 BLK CLARK LN-CO",,14,38.9637,-92.291,-1
1001,10/28/12 06:43 PM,2012206480,"SULLIVAN ST-CO/SMILEY LN-CO",,12,38.9939,-92.3355,-1
1307,10/27/12 10:31 PM,2012205923,"1729 BROADWAY W-CO","A",24,38.95381,-92.36469,-1
2561,10/24/12 01:54 AM,2012203096,"1100 JEFFERSON ST-CO",,15,38.96372,-92.343,-1
7610,10/06/12 02:45 AM,2012191799,"WORLEY ST E-CO/PROVIDENCE RD N-CO",,14,38.9574,-92.3342,-1
8912,10/02/12 12:58 AM,2012189011,"4614 OAK VIEW DR-CO",,10,38.97859,-92.26695,-1
8672,10/02/12 08:48 PM,2012189517,"4151 PARIS RD-CO",,16,38.992425,-92.285031,-1
1053,10/28/12 12:36 PM,2012206348,"3501 WAKEFIELD DR-CO",,42,38.91407,-92.3505,-1
1194,10/28/12 04:02 AM,2012206126,"119 SEVENTH ST S-CO",,10,38.94995,-92.33004,-1
272,10/31/12 12:36 PM,2012208199,"310 PROVIDENCE RD N-CO",,37,38.95516,-92.33355,-1
1632,10/27/12 03:06 AM,2012205309,"FAIRVIEW RD S-CO/BRAY AV-CO",,4,38.9398,-92.381,-1
2527,10/24/12 05:22 AM,2012203202,"3009 PARIS RD-CO","L",16,38.98173,-92.29268,-1
8942,10/01/12 11:47 PM,2012188963,"GARTH AV N-CO/SWITZLER ST-CO",,1,38.9568,-92.3389,-1
2566,10/24/12 01:35 AM,2012203083,"16 HITT ST-CO",1,15,38.95062,-92.3252,-1
6180,10/11/12 01:19 PM,2012195041,"713 ROGERS ST-CO",,11,38.95702,-92.32929,-1
875,10/29/12 12:32 PM,2012206768,"GRINDSTONE PKWY-CO/HIGHWAY 63 S NB-CO",,7,38.9129,-92.2935,-1
6150,10/11/12 03:38 PM,2012195107,"LILAC DR-CO/GARDEN DR-CO",,35,38.9747,-92.3762,-1
8835,10/02/12 12:20 PM,2012189200,"KEENE ST N-CO/ST CHARLES RD-CO",,3,38.9488,-92.2906,0
3605,10/19/12 10:51 PM,2012200669,"3700 ZEBRA DR-CO",,10,38.98757,-92.3307,-1
151,10/31/12 07:29 PM,2012208458,"2406 WHITE GATE DR-CO",,24,38.96741,-92.30202,-1
1165,10/28/12 04:59 AM,2012206167,"51 CONLEY RD-CO",,8,38.95045,-92.29421,-1
8409,10/03/12 05:35 PM,2012190040,"5004 RICE RD-CO",,16,38.97392,-92.26117,2
6649,10/09/12 07:29 PM,2012193955,"RANGE LINE ST-CO/I70 E-CO",,3,38.9686,-92.3249,-1
8505,10/03/12 12:53 PM,2012189879,"2001 BROADWAY E-CO",2,1,38.95014,-92.3081,-1
5963,10/12/12 06:11 AM,2012195577,"STADIUM BLVD N-CO/ASH ST W-CO",,1,38.9576,-92.3714,5
6867,10/08/12 06:51 PM,2012193354,"1600 BROADWAY E-CO",,9,38.94981,-92.31585,-1
4493,10/16/12 08:26 PM,2012198644,"CITY",,28,38.9525,-92.3305,-1
3520,10/20/12 03:53 AM,2012200874,"1600 BLK HERSHEY CT-CO",,4,38.9682,-92.2791,-1
1854,10/26/12 02:04 PM,2012204798,"102 NINTH ST S-CO",,22,38.95027,-92.32739,-1
808,10/29/12 04:44 PM,2012206920,"100 BROADWAY W-CO",,8,38.95108,-92.33983,-1
7960,10/04/12 11:07 PM,2012190974,"301 SMILEY LN W-CO",,16,38.99508,-92.34023,-1
2866,10/22/12 09:36 PM,2012202331,"STADIUM BLVD N-CO/BERNADETTE DR-CO",,7,38.9653,-92.3712,-1
2302,10/24/12 11:38 PM,2012203739,"3920 ROCK QUARRY RD-CO",,17,38.90558,-92.31303,-1
6026,10/12/12 01:47 AM,2012195455,"3100 VANDIVER DR-CO",,37,38.97133,-92.29156,-1
7970,10/04/12 10:11 PM,2012190951,"HIGHWAY 63 S SB-CO/GRINDSTONE PKWY-CO",,7,38.9129,-92.2938,-1
9043,10/01/12 06:08 PM,2012188747,"4600 BLK PARIS RD-CO",,14,38.9976,-92.2803,-1
2295,10/25/12 12:04 AM,2012203758,"5700 ST CHARLES RD E-CO",,5,38.96277,-92.2507,2
445,10/30/12 09:46 PM,2012207815,"300 MCBAINE AV-CO",,20,38.95566,-92.34208,-1
8370,10/03/12 07:51 PM,2012190123,"SEVENTH ST N-CO/WILKES BLVD-CO",,50,38.9605,-92.3294,-1
6615,10/09/12 09:04 PM,2012194062,"111 HUBBELL DR-CO",,32,38.95335,-92.32378,-1
3610,10/19/12 10:45 PM,2012200664,"16 NINTH ST S-CO",,17,38.95093,-92.32738,-1
7344,10/06/12 09:55 PM,2012192301,"DOWNTOWN",,22,38.9525,-92.3305,2
3031,10/22/12 05:39 AM,2012201948,"1407 ROLLING ROCK DR-CO",,4,38.92082,-92.31977,-1
8428,10/03/12 04:49 PM,2012190006,"STADIUM BLVD N-CO/BROADWAY W-CO",,1,38.954,-92.3714,-1
6670,10/09/12 05:16 PM,2012193878,"ASH ST W-CO/BERNADETTE DR-CO",,3,38.9573,-92.369,-1
6815,10/08/12 11:49 PM,2012193517,"ASH ST W-CO/MCBAINE AV-CO",,44,38.9544,-92.3423,-1
2647,10/23/12 07:48 PM,2012202907,"600 WALNUT ST E-CO",,2,38.95248,-92.33047,-1
7316,10/06/12 11:58 PM,2012192364,"700 GARTH AV N-CO",414,17,38.9596,-92.33842,-1
8228,10/04/12 03:54 AM,2012190442,"100 BUSINESS LOOP 70 E-CO",,18,38.96458,-92.33599,-1
7978,10/04/12 09:40 PM,2012190930,"1005 CHERRY ST-CO","STEPHEN",39,38.95083,-92.32578,-1
3903,10/18/12 09:54 PM,2012199996,"OLD HIGHWAY 63 S-CO/STADIUM BLVD E-CO",,7,38.9321,-92.3115,-1
9008,10/01/12 08:19 PM,2012188829,"2401 BERNADETTE DR-CO",101,17,38.9665,-92.37536,-1
2715,10/23/12 02:50 PM,2012202712,"200 BLK NIFONG BLVD E-CO",,7,38.91,-92.3374,-1
4890,10/15/12 05:07 PM,2012197817,"2409 HENDRIX DR-CO",,37,38.96677,-92.30146,-1
5322,10/14/12 02:07 AM,2012196977,"416 NINTH ST S-CO",,24,38.94669,-92.3273,-1
8648,10/02/12 10:19 PM,2012189586,"1001 HARDIN ST-CO",,42,38.96369,-92.35145,-1
2494,10/24/12 11:58 AM,2012203278,"HIGHWAY 63 S SB-CO/GRINDSTONE PKWY-CO",,3,38.9129,-92.2938,-1
8985,10/01/12 09:35 PM,2012188880,"1600 BROADWAY E-CO",,14,38.94981,-92.31585,-1
2209,10/25/12 05:28 AM,2012203962,"SOUTHWOOD DR-CO/OLD HIGHWAY 63 S-CO",,1,38.9426,-92.3069,-1
2728,10/23/12 01:27 PM,2012202674,"109 NIFONG BLVD E-CO",,16,38.91024,-92.33796,-1
4845,10/15/12 07:32 PM,2012197911,"STADIUM BLVD E-CO/ROCK QUARRY RD-CO",,1,38.9347,-92.3231,-1
8635,10/02/12 10:54 PM,2012189597,"1501 VANDIVER DR-CO",90,10,38.97304,-92.31812,-1
687,10/30/12 01:04 AM,2012207238,"3005 CHINABERRY DR-CO","B",15,38.91722,-92.30257,4
285,10/31/12 08:53 AM,2012208151,"4024 CLARK LN-CO",,15,,,2
2214,10/25/12 05:17 AM,2012203957,"3304 BROADWAY BUSINESS PARK CT-CO","D",6,38.9532,-92.38639,-1
8038,10/04/12 06:06 PM,2012190788,"ROCK QUARRY RD-CO/ROLLING ROCK DR-CO",,1,38.9202,-92.3171,-1
26,11/01/12 03:00 AM,2012208741,"500 COLLEGE AV S-CO",,8,38.94595,-92.32127,-1
7440,10/06/12 04:06 PM,2012192117,"2801 GREENBRIAR DR-CO",,12,38.92014,-92.34358,-1
7839,10/05/12 06:41 AM,2012191249,"120 NINTH ST S-CO",,10,38.94988,-92.32738,-1
6357,10/10/12 08:05 PM,2012194642,"600 WALNUT ST E-CO",,2,38.95248,-92.33047,-1
3316,10/20/12 10:57 PM,2012201287,"2116 PARIS RD-CO",,6,38.96962,-92.30517,-1
394,10/30/12 11:59 PM,2012207885,"PROVIDENCE RD S-CO/GREEN MEADOWS RD E-CO",,14,38.9163,-92.3347,-1
2878,10/22/12 08:32 PM,2012202286,"4000 ARCTIC FOX DR-CO",,24,38.99161,-92.33461,-1
5308,10/14/12 02:42 AM,2012196994,"1231 JAKE LN-CO",,12,38.93793,-92.38426,-1
64,11/01/12 12:54 AM,2012208663,"400 BLK BOURN AV-CO",,12,38.949302,-92.372378,-1
8894,10/02/12 02:45 AM,2012189064,"2514 RIDGEFIELD RD-CO",,17,38.9372,-92.37873,-1
8499,10/03/12 01:13 PM,2012189891,"1104 FALCON DR-CO",,32,38.93564,-92.3022,-1
7660,10/05/12 11:21 PM,2012191668,"3301 LEMONE INDUSTRIAL BLVD-CO",,8,38.91352,-92.29231,-1
3994,10/18/12 04:26 PM,2012199800,"314 ANDERSON AV-CO",,16,38.95747,-92.34888,5
4717,10/16/12 04:14 AM,2012198211,"RANGE LINE ST-CO/BUSINESS LOOP 70 E-CO",,36,38.964,-92.3247,-1
2442,10/24/12 03:19 PM,2012203418,"ROUTE K W-CO/HIGH POINT LN S-CO",,14,38.8723,-92.3737,-1
6976,10/08/12 08:33 AM,2012193119,"3101 WINGATE CT-CO","LOBBY",24,38.95827,-92.2913,-1
7272,10/07/12 01:56 AM,2012192442,"I70 E-CO/ST CHARLES RD E-CO",,31,38.96,-92.2532,-1
7765,10/05/12 03:44 PM,2012191407,"MKT TRAIL-CO/SCOTT BLVD S-CO",,8,38.9162,-92.4001,-1
7712,10/05/12 08:14 PM,2012191550,"100 BROADWAY W-CO",,8,38.95108,-92.33983,-1
5139,10/14/12 01:19 PM,2012197270,"7007 MADISON CREEK DR-CO",,10,38.87368,-92.38236,-1
3166,10/21/12 04:23 PM,2012201634,"4114 ARCTIC FOX DR-CO",,17,38.99365,-92.33505,-1
2891,10/22/12 07:52 PM,2012202257,"415 CONLEY RD-CO",3,34,38.95495,-92.29669,-1
5141,10/14/12 01:17 PM,2012197268,"CLARK LN-CO/TOWNE DR-CO",,1,38.9665,-92.3053,-1
5557,10/13/12 02:16 PM,2012196524,"208 SEXTON RD E-CO",,42,38.95908,-92.33503,-1
8515,10/03/12 12:14 PM,2012189863,"BROADWAY E-CO/GARTH AV N-CO",,33,38.9516,-92.339,-1
2133,10/25/12 02:40 PM,2012204137,"1400 ANTHONY ST-CO",,42,38.94765,-92.31988,-1
646,10/30/12 04:55 AM,2012207347,"3805 PROVIDENCE RD S-CO",,3,38.90901,-92.33595,-1
2842,10/22/12 10:47 PM,2012202391,"SPRING CREEK RD-CO/VAWTER SCHOOL RD W-CO",,51,38.9118,-92.3899,-1
5607,10/13/12 07:24 AM,2012196415,"4600 PARIS RD-CO",104,18,38.99747,-92.27918,-1
4520,10/16/12 07:15 PM,2012198582,"4200 BETHEL ST-CO",,8,38.90516,-92.34336,-1
5378,10/13/12 11:26 PM,2012196853,"BURNAM RD E-CO/PROVIDENCE RD S-CO",,10,38.9417,-92.3334,0
2252,10/25/12 03:01 AM,2012203885,"306 PENDLETON WALKWAY-CO",,10,38.955448,-92.336156,-1
2792,10/23/12 02:24 AM,2012202486,"3501 WORLEY ST W-CO",,8,38.96138,-92.38757,9
3500,10/20/12 05:08 AM,2012200905,"NIFONG BLVD E-CO/SOUTHLAND DR-CO",,1,38.9075,-92.317,-1
4034,10/18/12 02:20 PM,2012199738,"ROCK QUARRY RD-CO/SUN CT-CO",,1,38.912,-92.3132,-1
1686,10/27/12 12:09 AM,2012205187,"ABERCORN DR-CO/SHEARWATER DR-CO",,3,,,-1
8154,10/04/12 10:37 AM,2012190565,"305 KEENE ST N-CO",107,16,38.95492,-92.29165,-1
8235,10/04/12 03:15 AM,2012190417,"I70 W-CO/RANGE LINE ST-CO",,14,38.9687,-92.325,-1
3288,10/21/12 01:35 AM,2012201363,"110 NIFONG BLVD E-CO","B",25,38.90881,-92.33818,-1
6271,10/11/12 01:42 AM,2012194825,"1104 PROVIDENCE RD N-CO","HIGH",24,38.96336,-92.33143,-1
3035,10/22/12 04:55 AM,2012201931,"1208 LOCUST ST-CO",,24,38.94916,-92.32267,-1
225,10/31/12 02:57 PM,2012208282,"2203 RANGE LINE ST-CO","2A",18,38.9748,-92.3273,-1
8025,10/04/12 07:02 PM,2012190832,"1020 GREEN MEADOWS RD E-CO",112,15,38.91018,-92.32829,-1
3355,10/20/12 07:34 PM,2012201216,"1701 BOLD RULER DR-CO",,15,39.00022,-92.31249,-1
6429,10/10/12 04:07 PM,2012194491,"3109 PARIS RD-CO",,1,38.98272,-92.29042,-1
3,11/01/12 04:51 AM,2012208797,"123 NINTH ST S-CO",,3,38.94969,-92.32796,-1
7634,10/06/12 12:51 AM,2012191728,"707 INDEPENDENCE ST-CO",,25,38.96161,-92.34894,-1
1446,10/27/12 01:30 PM,2012205617,"1500 BLK UNIVERSITY AV-CO",,42,38.9464,-92.3178,-1
6951,10/08/12 01:06 PM,2012193205,"3109 WORLEY ST W-CO",,24,38.96029,-92.38415,-1
2802,10/23/12 01:56 AM,2012202472,"11 SAPPINGTON DR-CO",,15,38.95263,-92.36655,-1
4998,10/15/12 04:00 AM,2012197596,"510 WORLEY ST W-CO",,10,38.95862,-92.34604,-1
8210,10/04/12 05:05 AM,2012190473,"WAUGH ST-CO/HAMILTON WY-CO",,24,38.9481,-92.3237,-1
3795,10/19/12 06:11 AM,2012200266,"1302 HAVEN RD-CO",,15,38.98074,-92.31823,-1
6799,10/09/12 01:27 AM,2012193576,"1105 GRINDSTONE PKWY-CO",101,17,38.91135,-92.32539,-1
5711,10/13/12 03:15 AM,2012196242,"2340 BENNETT SPRINGS DR-CO",,4,38.92413,-92.33217,-1
8754,10/02/12 04:43 PM,2012189338,"3705 FORUM BLVD-CO",,1,38.91077,-92.35584,4
5910,10/12/12 01:42 PM,2012195697,"127 EIGHTH ST S-CO",,17,38.94976,-92.32882,-1
207,10/31/12 04:10 PM,2012208330,"CHAPEL HILL RD-CO/FACE ROCK CT-CO",,1,38.9334,-92.3772,-1
4437,10/16/12 11:56 PM,2012198787,"3704 LANSING AV-CO",,14,38.95441,-92.28114,-1
3134,10/21/12 07:25 PM,2012201704,"1711 CUNNINGHAM RD-CO",,16,38.93519,-92.39016,-1
8286,10/04/12 12:07 AM,2012190299,"BLUE RIDGE RD-CO/SPRINGHILL RD-CO",,1,38.9855,-92.2954,-1
3146,10/21/12 06:10 PM,2012201683,"1405 GRINDSTONE PKWY-CO",,30,38.91413,-92.320255,-1
5966,10/12/12 06:04 AM,2012195574,"122 NINTH ST S-CO",,3,38.9498,-92.32737,-1
8266,10/04/12 01:10 AM,2012190343,"105 BROADWAY W-CO",,1,38.95212,-92.33953,-1
5664,10/13/12 05:04 AM,2012196315,"PARIS RD-CO/AMMONETTE ST-CO",,10,38.9626,-92.3123,-1
2118,10/25/12 03:23 PM,2012204157,"SPRING VALLEY RD-CO/BROADWAY W-CO",,1,38.9526,-92.3578,-1
7847,10/05/12 05:53 AM,2012191230,"FOREST AV E-CO/GARTH AV N-CO",,3,38.9631,-92.3387,-1
8547,10/03/12 04:37 AM,2012189787,"BUSINESS LOOP 70 E-CO/SEVENTH ST N-CO",,1,38.9641,-92.3293,-1
8454,10/03/12 03:38 PM,2012189968,"LOCUST ST-CO/HITT ST-CO",,12,38.9494,-92.3255,-1
7922,10/05/12 12:40 AM,2012191039,"4500 BETHEL ST-CO",,25,38.90289,-92.34396,-1
8375,10/03/12 07:32 PM,2012190117,"1201 PAQUIN ST-CO",914,10,38.94791,-92.32343,-1
824,10/29/12 03:51 PM,2012206892,"THIRD AV-CO/GRAND AV-CO",,1,38.9622,-92.3365,3
7359,10/06/12 09:07 PM,2012192272,"1917 WALNUT ST E-CO",,39,38.95415,-92.30852,-1
3330,10/20/12 09:30 PM,2012201254,"26 BUSINESS LOOP 70 E-CO",,10,38.96458,-92.33668,7
8770,10/02/12 03:49 PM,2012189348,"304 COLLEGE AV S-CO","A",39,38.94818,-92.3216,7
8469,10/03/12 02:52 PM,2012189937,"SYLVAN LN-CO/WHITE GATE DR-CO",,1,38.968,-92.3012,-1
13,11/01/12 03:51 AM,2012208772,"TEXAS AV W-CO/CREASY SPRINGS RD-CO",,10,38.9694,-92.3524,-1
6729,10/09/12 12:41 PM,2012193761,"1900 GARDEN DR-CO",,35,38.97482,-92.37591,2
1548,10/27/12 06:21 AM,2012205443,"29 TENTH ST S-CO",,6,38.95066,-92.32674,-1
1641,10/27/12 02:46 AM,2012205287,"LOCUST ST-CO/NINTH ST S-CO",,1,38.9495,-92.3276,-1
1928,10/26/12 05:34 AM,2012204644,"1011 BROADWAY E-CO",,3,38.95166,-92.32603,-1
5241,10/14/12 05:22 AM,2012197100,"1011 BROADWAY E-CO",,6,38.95166,-92.32603,-1
3841,10/19/12 02:15 AM,2012200152,"STADIUM BLVD N-CO/ASH ST W-CO",,1,38.9576,-92.3714,-1
1629,10/27/12 03:13 AM,2012205310,"30 BROADWAY E-CO",,17,38.95102,-92.33735,-1
2064,10/25/12 06:28 PM,2012204274,"CITY",,33,38.9525,-92.3305,-1
3361,10/20/12 07:09 PM,2012201188,"5522 PRAIRIE CREEK DR-CO",,16,38.89088,-92.41088,-1
4475,10/16/12 09:35 PM,2012198689,"RANGE LINE ST-CO/ELLETA BLVD-CO",,1,38.9747,-92.3265,-1
920,10/29/12 03:41 AM,2012206705,"101 BURNAM RD E-CO",,4,38.94214,-92.33579,-1
3350,10/20/12 07:46 PM,2012201218,"2609 BROADWAY E-CO",109,7,38.94751,-92.29802,-1
1990,10/25/12 11:55 PM,2012204484,"PROVIDENCE RD S-CO/ELM ST-CO",,1,38.9482,-92.3343,-1
2179,10/25/12 08:03 AM,2012204045,"3900 BLK ARCTIC FOX DR-CO",,4,38.9908,-92.3349,2
768,10/29/12 07:13 PM,2012207006,"2300 BLK WINDMILL CT-CO",,42,,,-1
54,11/01/12 01:19 AM,2012208683,"1900 BLUE RIDGE RD-CO","PARK",21,38.98431,-92.31036,-1
674,10/30/12 01:47 AM,2012207289,"4151 RIVIERA DR N-CO",,9,38.99477,-92.31428,-1
7142,10/07/12 12:13 PM,2012192697,"4410 BROWN STATION RD-CO",,1,38.99591,-92.28659,-1
5860,10/12/12 05:47 PM,2012195822,"101 CONLEY RD-CO",,7,38.95132,-92.29652,-1
2111,10/25/12 03:54 PM,2012204173,"BROADWAY W-CO/MAPLEWOOD DR-CO",,1,38.953,-92.3616,-1
7159,10/07/12 07:32 AM,2012192642,"STADIUM BLVD N-CO/I70 DR NORTHWEST-CO",,7,38.9703,-92.3711,-1
5522,10/13/12 04:04 PM,2012196584,"CITY",,8,38.9525,-92.3305,-1
8870,10/02/12 04:46 AM,2012189114,"2006 BROADWAY E-CO",1,25,38.94827,-92.30867,-1
8878,10/02/12 04:13 AM,2012189100,"17 NINTH ST N-CO",,10,38.95217,-92.32775,-1
8735,10/02/12 05:34 PM,2012189372,"1800 BLK NELWOOD DR-CO",,25,38.970548,-92.297066,-1
8385,10/03/12 06:44 PM,2012190086,"1412 ROSS ST-CO",,42,38.94365,-92.31922,-1
2999,10/22/12 12:45 PM,2012202032,"2401 BERNADETTE DR-CO",101,16,38.9665,-92.37536,-1
949,10/28/12 11:55 PM,2012206656,"5715 CANAVERAL DR-CO",,22,38.95579,-92.24986,-1
5524,10/13/12 04:03 PM,2012196582,"GREENSBORO DR-CO/BODIE DR-CO",,59,39.0069,-92.3159,-1
698,10/30/12 12:34 AM,2012207220,"1001 ROGERS ST-CO",108,22,38.9574,-92.32641,-1
2620,10/23/12 09:29 PM,2012202988,"5612 ST CHARLES RD E-BC",41,24,38.96101753,-92.25198075,-1
6759,10/09/12 06:02 AM,2012193664,"304 NINTH ST S-CO",100,10,38.94826,-92.3273,-1
7238,10/07/12 03:26 AM,2012192501,"4817 CLARK LN-CO",200,15,38.96578,-92.26302,-1
7244,10/07/12 03:14 AM,2012192491,"RANGE LINE ST-CO/RAIN FOREST PKWY-CO",,1,38.9888,-92.3248,-1
7729,10/05/12 06:46 PM,2012191495,"100 BLK TEXAS AV W-CO",,40,,,-1
4140,10/18/12 01:14 AM,2012199462,"28 ALLEN ST-CO","A",32,38.9551,-92.33653,-1
1883,10/26/12 11:18 AM,2012204735,"4706 CLARK LN-CO",201,10,38.96175,-92.26701,-1
3852,10/19/12 01:44 AM,2012200138,"WALNUT ST E-CO/GARTH AV N-CO",,1,38.9528,-92.339,-1
5580,10/13/12 12:41 PM,2012196488,"3109 PARIS RD-CO",,3,38.98272,-92.29042,-1
1772,10/26/12 07:29 PM,2012204988,"2609 BROADWAY E-CO",109,18,38.94751,-92.29802,-1
7625,10/06/12 01:41 AM,2012191764,"1417 RALEIGH DR-CO",,9,39.00123,-92.31677,-1
4699,10/16/12 05:36 AM,2012198239,"4500 BETHEL ST-CO",,3,38.90289,-92.34396,-1
2827,10/22/12 11:51 PM,2012202403,"VAWTER SCHOOL RD W-CO/FOXCREEK WY-CO",,1,38.9122,-92.3938,-1
6804,10/09/12 12:46 AM,2012193554,"GREEN MEADOWS RD W-CO/BETHEL ST-CO",,7,38.9154,-92.3442,-1
5284,10/14/12 03:33 AM,2012197032,"402 BLAIR CT-CO",,4,38.94706,-92.32017,-1
3887,10/18/12 10:37 PM,2012200033,"1704 PROVIDENCE RD N-CO",,24,38.97057,-92.33317,-1
1542,10/27/12 06:28 AM,2012205558,"3908 BUTTONWOOD DR-CO",,4,38.90734,-92.33257,-1
6509,10/10/12 06:51 AM,2012194344,"900 RANGE LINE ST-CO",,59,38.96017,-92.32459,-1
5709,10/13/12 03:19 AM,2012196243,"1 MKT TRAIL-CO",,59,38.950137,-92.333398,7
1680,10/27/12 12:22 AM,2012205203,"230 MAPLE GROVE WY-CO",,24,38.89769,-92.34673,-1
3271,10/21/12 03:20 AM,2012201413,"1500 BLK NATIVE DANCER CT-CO",,4,38.9973,-92.3155,-1
1638,10/27/12 02:54 AM,2012205292,"500 COLLEGE AV N-CO",,8,38.95705,-92.32109,-1
2314,10/24/12 10:59 PM,2012203709,"STADIUM BLVD N-CO/BROADWAY W-CO",,31,38.954,-92.3714,-1
4488,10/16/12 08:51 PM,2012198663,"2200 ASH ST W-CO",101,27,38.9572,-92.37203,-1
7358,10/06/12 09:17 PM,2012192273,"3200 BLK MEXICO GRAVEL RD-CO",,3,38.9798,-92.2893,-1
7274,10/07/12 01:51 AM,2012192436,"VAWTER SCHOOL RD W-BC/SPRING CREEK RD-BC",,1,38.9118,-92.3899,2
4681,10/16/12 08:22 AM,2012198264,"1301 GRINDSTONE PKWY-CO",101,16,38.91267,-92.321762,-1
326,10/31/12 04:19 AM,2012208049,"1011 BROADWAY E-CO",,6,38.95166,-92.32603,-1
7181,10/07/12 05:57 AM,2012192596,"3206 CLARK LN-CO",,8,38.96328,-92.2899,-1
7667,10/05/12 10:40 PM,2012191646,"1515 WHITBURN DR-CO",,16,38.90068,-92.36273,-1
332,10/31/12 04:09 AM,2012208040,"1025 BROADWAY E-CO",,6,38.95167,-92.32564,-1
8739,10/02/12 05:30 PM,2012189374,"225 NINTH ST S-CO",,7,38.94866,-92.32787,2
5933,10/12/12 09:46 AM,2012195643,"112 SEXTON RD W-CO",,48,38.96052,-92.33995,-1
1725,10/26/12 09:53 PM,2012205108,"300 DIEGO DR-CO",,28,38.907975,-92.34388,-1
266,10/31/12 12:57 PM,2012208208,"600 WALNUT ST E-CO",,8,38.95248,-92.33047,2
3168,10/21/12 04:12 PM,2012201631,"1615 BUSINESS LOOP 70 W-CO",,17,38.97245,-92.36267,-1
3331,10/20/12 09:29 PM,2012201256,"1007 GRAND AV-CO",,17,38.96288,-92.3367,-1
5743,10/13/12 01:12 AM,2012196144,"FIFTH ST N-CO/PARK AV-CO",,1,38.9546,-92.3318,-1
1126,10/28/12 06:22 AM,2012206217,"1412 RANGE LINE ST-CO",,6,38.96612,-92.32394,-1
8107,10/04/12 02:34 PM,2012190657,"ROLLINS RD-CO/STADIUM BLVD S-CO",,1,38.9466,-92.3715,6
6146,10/11/12 03:50 PM,2012195103,"600 WALNUT ST E-CO",,2,38.95248,-92.33047,-1
8211,10/04/12 05:04 AM,2012190470,"BLUE RIDGE RD-CO/OAKLAND GRAVEL RD-CO",,1,38.9855,-92.3025,-1
1349,10/27/12 07:46 PM,2012205793,"227 SIXTH ST S-CO",,6,38.94886,-92.33121,5
2010,10/25/12 10:04 PM,2012204469,"CITY",,2,38.9525,-92.3305,-1
6209,10/11/12 07:25 AM,2012194977,"2289 CONCORDIA DR-CO",,10,38.94808,-92.37265,-1
7033,10/08/12 12:07 AM,2012192953,"VANDIVER DR-CO/ALLEN LN-CO",,17,38.9712,-92.3228,-1
5579,10/13/12 12:43 PM,2012196487,"4506 I70 DR SOUTHEAST-CO",,35,38.95919,-92.26897,-1
4652,10/16/12 01:42 PM,2012198329,"3600 WORLEY ST W-CO",,8,38.95991,-92.38858,-1
4447,10/16/12 11:07 PM,2012198755,"3211 CLARK LN-CO",,6,38.96443,-92.29003,-1
5676,10/13/12 04:40 AM,2012196303,"BROADWAY E-CO/FIFTH ST S-CO",,46,38.9516,-92.3319,-1
3248,10/21/12 04:52 AM,2012201468,"GRINDSTONE PKWY-CO/GREEN MEADOWS RD E-CO",,23,38.91,-92.326,-1
8400,10/03/12 06:03 PM,2012190065,"100 BROADWAY W-CO",,5,38.95108,-92.33983,-1
2045,10/25/12 08:02 PM,2012204330,"405 NIFONG BLVD E-CO",,6,38.91194,-92.33355,-1
598,10/30/12 01:30 PM,2012207454,"1010 SEVENTH ST N-CO",,42,38.96259,-92.32906,-1
8136,10/04/12 01:04 PM,2012190609,"4600 BETHEL ST-CO",,8,38.9,-92.3436,-1
5970,10/12/12 05:51 AM,2012195571,"STEWART RD E-CO/PROVIDENCE RD S-CO",,4,38.946,-92.3345,-1
6022,10/12/12 02:07 AM,2012195471,"4901 AZTEC BLVD-CO",30,13,38.97784,-92.2623,-1
5903,10/12/12 02:18 PM,2012195722,"3111 WORLEY ST W-CO",,15,38.96027,-92.38428,-1
7836,10/05/12 07:15 AM,2012191263,"1312 WHITE OAK LN-CO",104,13,38.93578,-92.35482,-1
7747,10/05/12 05:24 PM,2012191451,"2500 CHAPEL HILL RD-CO",,3,38.92769,-92.37899,-1
7626,10/06/12 01:40 AM,2012191761,"1500 I70 DR SOUTHWEST-CO",4,10,38.96408,-92.36083,-1
360,10/31/12 01:58 AM,2012207965,"811 DONNELLY AV-CO",,42,38.9612,-92.35018,-1
7528,10/06/12 05:57 AM,2012191936,"126 PROVIDENCE RD S-CO",,8,38.94991,-92.33378,-1
7568,10/06/12 04:08 AM,2012191873,"2716 FORUM BLVD-CO",,3,38.92323,-92.36494,-1
7350,10/06/12 09:40 PM,2012192292,"16 NAVAHO AV-CO",,42,38.97526,-92.25859,-1
637,10/30/12 06:27 AM,2012207371,"102 COLLEGE AV S-CO",,12,38.95012,-92.32163,-1
5757,10/12/12 11:56 PM,2012196099,"1209 FORUM KATY PKWY-CO",,8,38.93475,-92.35698,-1
2348,10/24/12 08:54 PM,2012203636,"ROCK QUARRY RD-CO/GRINDSTONE PKWY-CO",,7,38.9133,-92.3132,-1
2222,10/25/12 04:45 AM,2012203943,"BROADWAY E-CO/WILLIS AV-CO",,19,38.9514,-92.3208,-1
1646,10/27/12 02:12 AM,2012205269,"3900 SNOWY OWL DR-CO",,8,38.99029,-92.33474,-1
9148,10/01/12 10:13 AM,2012188526,"413 ASH ST E-CO",,17,38.95398,-92.33239,-1
1690,10/27/12 12:02 AM,2012205184,"PROVIDENCE RD S-CO/ELM ST-CO",,7,38.9482,-92.3343,-1
1784,10/26/12 06:55 PM,2012204959,"3206 CLARK LN-CO",,3,38.96328,-92.2899,-1
5237,10/14/12 05:28 AM,2012197108,"1612 PROVIDENCE RD N-CO",,15,38.97039,-92.33199,-1
2695,10/23/12 04:33 PM,2012202757,"2201 BLK OLD HIGHWAY 63 S-CO",,7,,,-1
7449,10/06/12 03:05 PM,2012192089,"5003 LILLIAN DR-CO",,16,38.96762,-92.26175,-1
1705,10/26/12 11:12 PM,2012205148,"2405 WHITE GATE DR-CO","1B",4,38.9685,-92.30211,-1
2973,10/22/12 03:27 PM,2012202104,"1400 ROSS ST-CO",,42,38.943694,-92.320459,-1
7893,10/05/12 02:30 AM,2012191108,"1113 EASTLAND CIR-CO",,53,38.96267,-92.30098,-1
8058,10/04/12 04:46 PM,2012190790,"900 I70 DR SOUTHWEST-CO",,3,38.96576,-92.35019,-1
8435,10/03/12 04:33 PM,2012189995,"5009 AZTEC BLVD-CO",,51,38.97686,-92.26061,-1
4965,10/15/12 11:54 AM,2012197676,"4902 GARDEN GROVE DR-CO",,16,38.89355,-92.40854,-1
411,10/30/12 11:13 PM,2012207851,"2000 BLK BROADWAY E-CO",,1,38.9488,-92.3085,-1
5379,10/13/12 11:25 PM,2012196859,"1013 WEST BLVD N-CO",,24,38.96503,-92.35316,-1
7776,10/05/12 02:45 PM,2012191380,"PRIMROSE DR-CO/STADIUM BLVD N-CO",,42,38.9761,-92.3709,-1
8592,10/03/12 01:37 AM,2012189698,"1300 HANOVER BLVD-CO",,17,38.96437,-92.28098,-1
7917,10/05/12 12:55 AM,2012191049,"1600 BROADWAY E-CO","ER",29,38.94981,-92.31585,-1
3623,10/19/12 10:11 PM,2012200638,"100 FOURTH ST N-CO",,17,38.9532,-92.33234,-1
112,10/31/12 09:55 PM,2012208559,"222 BROADWAY E-CO",,5,38.95102,-92.33445,-1
3817,10/19/12 04:07 AM,2012200213,"NINTH ST S-CO/ELM ST-CO",,1,38.9485,-92.3276,-1
8634,10/02/12 10:56 PM,2012189596,"ROSEMARY LN-CO/COLLEGE AV S-CO",,1,38.9455,-92.322,-1
1203,10/28/12 03:46 AM,2012206117,"2401 BROADWAY W-CO",823,17,38.95602,-92.37484,2
918,10/29/12 03:48 AM,2012206688,"3911 PEACHTREE DR-CO",,23,38.90635,-92.33799,-1
6344,10/10/12 08:29 PM,2012194672,"1701 ASH ST W-CO",,28,38.95724,-92.36284,3
3758,10/19/12 01:28 PM,2012200351,"MONROE ST-CO/PARIS RD-CO",,36,38.9622,-92.3126,-1
3809,10/19/12 04:48 AM,2012200239,"220 TENTH ST S-CO",,40,38.9491,-92.32635,-1
77,11/01/12 12:06 AM,2012208632,"PARIS RD-CO/HIGHWAY 63 N NB-CO",,1,38.9883,-92.2858,-1
4156,10/18/12 12:28 AM,2012199540,"511 COLUMBIA DR-CO","B",39,38.94418,-92.29656,-1
8539,10/03/12 05:58 AM,2012189802,"BUSINESS LOOP 70 E-CO/GARTH AV N-CO",,1,38.9652,-92.3386,-1
1163,10/28/12 05:05 AM,2012206170,"400 PROVIDENCE RD N-CO",,3,38.95633,-92.33356,-1
8865,10/02/12 05:01 AM,2012189120,"VANDIVER DR-CO/RANGE LINE ST-CO",,1,38.971,-92.3257,0
3749,10/19/12 02:02 PM,2012200356,"CITY",,8,38.9525,-92.3305,-1
5136,10/14/12 01:59 PM,2012197288,"1718 PROVIDENCE RD N-CO",238,9,38.97145,-92.33289,9
5403,10/13/12 10:26 PM,2012196822,"29 TENTH ST S-CO",,3,38.95066,-92.32674,-1
5744,10/13/12 01:02 AM,2012196141,"415 CONLEY RD-CO",3,34,38.95495,-92.29669,-1
6368,10/10/12 07:42 PM,2012194628,"3203 RED BAY CREEK RD-CO",,16,38.89273,-92.38588,-1
8745,10/02/12 05:15 PM,2012189356,"PROVIDENCE RD S-CO/BRANDON RD E-CO",,1,38.9392,-92.334,-1
3099,10/21/12 10:48 PM,2012201788,"912 SEVENTH ST N-CO",,4,38.96143,-92.3292,-1
2075,10/25/12 05:53 PM,2012204310,"2904 RANGE LINE ST-CO",,32,38.98092,-92.32536,-1
4276,10/17/12 02:29 PM,2012199110,"2707 BRISTOL LAKE DR-CO",,17,38.89249,-92.2988,-1
4236,10/17/12 06:20 PM,2012199224,"I70 E-CO/RANGE LINE ST-CO",,7,38.9686,-92.3249,-1
6917,10/08/12 03:52 PM,2012193253,"PARKER ST-CO/VANDIVER DR-CO",,49,38.9711,-92.3131,-1
4903,10/15/12 04:08 PM,2012197780,"1104 PROVIDENCE RD N-CO","HIGH",24,38.96336,-92.33143,-1
5848,10/12/12 06:39 PM,2012195882,"608 SEXTON RD W-CO",,24,38.96307,-92.34675,4
5229,10/14/12 05:55 AM,2012197116,"411 PROVIDENCE RD S-CO",,2,38.94676,-92.33476,-1
5180,10/14/12 07:44 AM,2012197209,"3512 DELMAR CT-CO",,4,38.91139,-92.30235,-1
6456,10/10/12 02:30 PM,2012194448,"920 CHERRY ST-CO",,47,38.95022,-92.32676,-1
1619,10/27/12 03:39 AM,2012205328,"1301 VANDIVER DR-CO",,1,38.97188,-92.32083,-1
3010,10/22/12 11:15 AM,2012202013,"2609 BROADWAY E-CO",204,25,38.94764,-92.2982,-1
5660,10/13/12 05:25 AM,2012196324,"705 BUSINESS LOOP 70 W-CO",,1,38.96724,-92.34795,-1
3267,10/21/12 03:32 AM,2012201421,"CLINKSCALES RD-CO/ASH ST W-CO",,23,38.9567,-92.3622,-1
8184,10/04/12 06:17 AM,2012190511,"1718 PROVIDENCE RD N-CO",,24,38.97145,-92.33289,-1
1849,10/26/12 02:16 PM,2012204803,"1506 RICHARDSON ST-CO","E",2,38.95481,-92.31784,2
6254,10/11/12 02:45 AM,2012194854,"1004 OLD HIGHWAY 63 N-CO",,16,,,-1
1148,10/28/12 05:31 AM,2012206190,"124 NINTH ST S-CO",,3,38.94972,-92.32737,-1
1141,10/28/12 05:48 AM,2012206198,"PROVIDENCE RD S-CO/GREEN MEADOWS RD E-CO",,3,38.9163,-92.3347,-1
5057,10/14/12 09:37 PM,2012197454,"1011 EASTLAND CIR-CO",,17,38.96179,-92.30089,-1
4454,10/16/12 10:45 PM,2012198745,"EIGHTH ST S-CO/ELM ST-CO",,1,38.9485,-92.3287,-1
3462,10/20/12 07:15 AM,2012200964,"28 ALLEN ST-CO","A",3,38.9551,-92.33653,-1
7321,10/06/12 11:44 PM,2012192353,"703 BUSINESS LOOP 70 W-CO",,17,38.96647,-92.34721,-1
6062,10/11/12 11:28 PM,2012195370,"RISEN STAR CT-CO/DERBY RIDGE DR-CO",,1,38.9945,-92.3167,2
6262,10/11/12 02:19 AM,2012194899,"505 NIFONG BLVD E-CO",100,12,38.91079,-92.33167,-1
932,10/29/12 01:46 AM,2012206648,"2010 I70 DR SOUTHWEST-CO",,15,38.96637,-92.3705,-1
6355,10/10/12 08:07 PM,2012194653,"600 WALNUT ST E-CO",,2,38.95248,-92.33047,-1
6233,10/11/12 04:37 AM,2012194914,"5211 SILVER MILL DR-CO",,17,39.00673,-92.3321,-1
6825,10/08/12 10:21 PM,2012193486,"5300 OPAL DR-CO",,2,38.98726,-92.25626,2
4397,10/17/12 02:24 AM,2012198868,"915 PORT WY-CO",,17,38.95813,-92.25254,1
4638,10/16/12 02:14 PM,2012198363,"RANGE LINE ST-CO/BUSINESS LOOP 70 E-CO",,15,38.964,-92.3247,-1
5871,10/12/12 04:51 PM,2012195814,"1 KEENE ST S-CO",,7,38.948726,-92.290649,-1
2042,10/25/12 08:19 PM,2012204341,"3203 NORTHLAND DR-CO",21,2,38.98088,-92.32177,-1
4931,10/15/12 02:44 PM,2012197731,"114 NINTH ST N-CO",,6,38.95287,-92.32725,-1
7783,10/05/12 02:09 PM,2012191362,"CITY",,33,38.9525,-92.3305,-1
8264,10/04/12 01:15 AM,2012189683,"1329 OVERHILL RD-CO",,35,38.93826,-92.37631,2
8657,10/02/12 09:40 PM,2012189550,"PROVIDENCE RD N-CO/NEBRASKA AV-CO",,7,38.9664,-92.3338,-1
8100,10/04/12 03:03 PM,2012190685,"4479 BROWN STATION RD-CO",,24,38.99601,-92.28942,-1
7155,10/07/12 08:21 AM,2012192656,"1013 WEST BLVD N-CO",,25,38.96503,-92.35316,-1
1467,10/27/12 11:27 AM,2012205579,"CITY",,8,38.9525,-92.3305,-1
4860,10/15/12 06:51 PM,2012197881,"4303 PROVIDENCE RD S-CO",,8,38.90182741,-92.33708557,-1
2441,10/24/12 03:20 PM,2012203393,"3004 CLARK LN-CO",,1,38.96309,-92.29296,-1
7943,10/04/12 11:53 PM,2012191004,"1621 TOWNE DR-CO",,3,38.96969,-92.30407,-1
1905,10/26/12 06:40 AM,2012204677,"912 BUSINESS LOOP 70 E-CO",,6,38.96387,-92.32621,-1
8986,10/01/12 09:35 PM,2012188879,"HIGHWAY 763 N-CO/BROWN SCHOOL RD E-CO",,7,39.0008,-92.3235,-1
5809,10/12/12 09:28 PM,2012195986,"2712 PARIS RD-CO",,1,38.97886,-92.2954,-1
2269,10/25/12 01:55 AM,2012203841,"600 WALNUT ST E-CO",,33,38.95248,-92.33047,-1
6864,10/08/12 07:27 PM,2012193365,"ASH ST W-CO/PERSHING RD-CO",,1,38.9562,-92.3575,-1
689,10/30/12 01:00 AM,2012207231,"PARIS RD-CO/HATHMAN PL-CO",,3,38.9665,-92.309,-1
2175,10/25/12 08:29 AM,2012204042,"EIGHTH ST S-CO/LOCUST ST-CO",,1,38.9495,-92.3287,-1
7399,10/06/12 07:07 PM,2012192192,"515 BROADWAY E-CO",,15,38.95183,-92.33118,-1
5365,10/14/12 12:11 AM,2012196885,"104 AUSTIN AV-CO",,17,38.96373,-92.33598,-1
546,10/30/12 04:29 PM,2012207561,"1400 FORUM BLVD-CO",,6,38.93596,-92.35924,-1
8293,10/03/12 11:47 PM,2012190286,"514 NOBLE CT-CO",,17,38.95895,-92.33805,-1
1100,10/28/12 07:18 AM,2012206258,"5129 CLARK LN-CO",101,15,38.96538,-92.25827,-1
4188,10/17/12 10:04 PM,2012199342,"812 KEENE ST N-CO",,62,38.959818,-92.287995,-1
79,10/31/12 11:47 PM,2012208623,"1901 BERNADETTE DR-CO","3B",10,38.9662,-92.36903,-1
3171,10/21/12 03:46 PM,2012201627,"509 PENNANT ST-CO",,10,38.96061,-92.35931,-1
6177,10/11/12 01:24 PM,2012195047,"WALNUT ST E-CO/TENTH ST N-CO",,24,38.9526,-92.3265,-1
284,10/31/12 09:45 AM,2012208164,"2527 PROVIDENCE RD S-CO","J",3,38.92129,-92.33952,-1
4596,10/16/12 04:07 PM,2012198450,"1300 FELLOWS PL-CO",,6,38.93373,-92.3241,-1
3326,10/20/12 09:54 PM,2012201265,"WOODLAND SPRINGS CT-CO/CLARK LN-CO",,1,38.9639,-92.2852,-1
3627,10/19/12 10:02 PM,2012200651,"PROVIDENCE RD N-CO/I70 E-CO",,7,38.9681,-92.3341,-1
8135,10/04/12 01:05 PM,2012190611,"PARK AV-CO/ORR ST-CO",,1,38.9545,-92.3251,-1
6342,10/10/12 08:42 PM,2012194680,"OAKLAND GRAVEL RD-CO/BLUE RIDGE RD-CO",,14,38.9855,-92.3025,2
8433,10/03/12 04:37 PM,2012189996,"STADIUM BLVD S-CO/ROLLINS RD-CO",,1,38.9466,-92.3715,-1
2364,10/24/12 08:07 PM,2012203589,"102 NINTH ST S-CO",,24,38.95027,-92.32739,-1
2982,10/22/12 02:32 PM,2012202076,"4412 DERBY RIDGE DR-CO",,17,38.99557,-92.31485,-1
621,10/30/12 11:18 AM,2012207408,"3801 OAKLAND GRAVEL RD-CO",,16,38.98838,-92.30269,-1
616,10/30/12 12:16 PM,2012207428,"800 DONNELLY AV-CO",,24,38.96067,-92.34893,-1
2571,10/24/12 01:21 AM,2012203074,"2201 OLD HIGHWAY 63 S-CO",,1,38.92435,-92.31055,-1
2246,10/25/12 03:25 AM,2012203897,"5308 TIPTREE CT-CO",,15,38.93422,-92.41472,-1
6548,10/10/12 01:54 AM,2012194225,"WEST BLVD N-CO/BROADWAY W-CO",,1,38.9521,-92.3529,-1
1084,10/28/12 08:08 AM,2012206287,"1407 ROLLING ROCK DR-CO",,15,38.92082,-92.31977,9
575,10/30/12 03:09 PM,2012207501,"1612 ANTHONY ST-CO",,42,38.94765,-92.31598,-1
7160,10/07/12 07:25 AM,2012192639,"600 WALNUT ST E-CO",,2,38.95248,-92.33047,-1
4547,10/16/12 05:43 PM,2012198509,"203 PENDLETON ST-CO",,17,38.95715,-92.33508,-1
3266,10/21/12 03:38 AM,2012201423,"101 FIFTH ST S-CO",,8,38.95045,-92.3321,-1
857,10/29/12 01:36 PM,2012206805,"TRIMBLE RD-CO/CONLEY RD-CO",,7,38.9489,-92.2942,-1
8581,10/03/12 02:18 AM,2012189727,"2709 BROADWAY E-CO",,6,38.94789,-92.29646,-1
7935,10/05/12 12:11 AM,2012191018,"FIFTH ST S-CO/ELM ST-CO",,1,38.9486,-92.332,-1
8529,10/03/12 07:41 AM,2012189822,"1602 COCOA CT-CO",,3,38.96767,-92.28001,-1
8037,10/04/12 06:07 PM,2012190791,"1411 COURT ST-CO",,25,38.95839,-92.31989,-1
329,10/31/12 04:13 AM,2012208042,"3201 CREASY SPRINGS RD-CO",,44,38.98605,-92.35176,-1
3363,10/20/12 06:58 PM,2012201185,"1104 PROVIDENCE RD N-CO",,1,38.96336,-92.33143,-1
3516,10/20/12 04:01 AM,2012200876,"500 COLLEGE AV S-CO",,8,38.94595,-92.32127,-1
6638,10/09/12 08:03 PM,2012193981,"1605 BROADWAY E-CO",300,17,38.95089,-92.31497,-1
8068,10/04/12 04:19 PM,2012190728,"412 ANN ST S-CO",,42,38.94713,-92.31412,-1
6583,10/09/12 11:15 PM,2012194127,"2200 NIFONG BLVD W-CO",,8,38.90907,-92.37404,-1
3293,10/21/12 01:07 AM,2012201350,"5001 KIRK HILL RD-CO",,15,38.959,-92.26168,-1
1188,10/28/12 04:10 AM,2012206135,"1121 BUSINESS LOOP 70 E-CO","A",3,38.96456,-92.32327,-1
3058,10/22/12 02:58 AM,2012201886,"900 VANDIVER DR-CO",137,24,38.97065,-92.32667,-1
113,10/31/12 09:54 PM,2012208555,"3911 SAVOY DR-CO",,16,38.96362,-92.39348,-1
5948,10/12/12 06:56 AM,2012195605,"2006 BROADWAY E-CO",1,3,38.94827,-92.30867,-1
3042,10/22/12 04:13 AM,2012201920,"DERBY RIDGE DR-CO/BOLD RULER CT-CO",,1,39,-92.3128,-1
311,10/31/12 05:25 AM,2012208082,"1702 SPIROS DR-CO",,3,38.96887,-92.26437,-1
6307,10/10/12 11:02 PM,2012194751,"LEMONE INDUSTRIAL BLVD-CO/NEW HAVEN RD-CO",,31,38.9128,-92.2919,-1
2560,10/24/12 02:05 AM,2012203102,"1 SMARR CT-CO",,17,38.95982,-92.31737,-1
1280,10/27/12 11:54 PM,2012205947,"126 TENTH ST N-CO",,17,38.95339,-92.32624,-1
3985,10/18/12 04:55 PM,2012199827,"BUSINESS LOOP 70 E-CO/GARTH AV N-CO",,7,38.9652,-92.3386,-1
59,11/01/12 01:02 AM,2012208668,"COLLEGE AV N-CO/HICKORY ST-CO",,1,38.9589,-92.3213,-1
1888,10/26/12 09:10 AM,2012204723,"3912 I70 DR SOUTHEAST-CO",,43,38.96024,-92.27835,-1
6466,10/10/12 01:33 PM,2012194424,"DERBY RIDGE DR-CO/AVATAR CT-CO",,1,38.9938,-92.3173,-1
5456,10/13/12 07:07 PM,2012196708,"4003 LAMAR CT-CO",,13,38.96472,-92.27723,-1
7326,10/06/12 11:28 PM,2012192343,"COLLEGE AV S-CO/ASHLAND RD-CO",,22,38.9389,-92.322,-1
5285,10/14/12 03:30 AM,2012197030,"200 PROVIDENCE RD N-CO",,1,38.9541,-92.33375,-1
5159,10/14/12 11:40 AM,2012197243,"2416 SANTA ROSA CT-CO",,42,38.91038,-92.30265,-1
426,10/30/12 10:20 PM,2012207821,"KELSEY DR-CO/IRMA DR-CO",,1,38.9755,-92.2519,-1
7992,10/04/12 08:48 PM,2012190908,"2616 SHEPARD BLVD-CO",,7,38.93709,-92.29695,-1
4738,10/16/12 01:53 AM,2012198151,"2005 LAFAYETTE CT-CO",,47,38.97182,-92.25621,6
5046,10/14/12 10:54 PM,2012197486,"4130 LENOIR ST-CO",109,18,38.90429,-92.28588,-1
7329,10/06/12 11:15 PM,2012192334,"PAQUIN ST-CO/COLLEGE AV S-CO",,1,38.9477,-92.322,-1
4318,10/17/12 12:14 PM,2012199029,"KELSEY DR-CO/IRMA DR-CO",,50,38.9755,-92.2519,-1
5318,10/14/12 02:10 AM,2012196969,"319 HICKAM DR W-BC",,17,38.89273,-92.3478,-1
4411,10/17/12 01:22 AM,2012198834,"WALLABY WY-CO/JACKAL DR-CO",,1,38.9932,-92.3407,-1
4332,10/17/12 06:43 AM,2012198977,"3406 RANGE LINE ST-CO","39B",10,38.98469,-92.32459,-1
2721,10/23/12 02:07 PM,2012202692,"159 ATKINS DR-CO",,3,,,-1
8407,10/03/12 05:40 PM,2012190045,"954 CONLEY RD-CO",,17,,,-1
5921,10/12/12 01:01 PM,2012195677,"33 BROADWAY E-CO",,1,38.95192,-92.33796,-1
8784,10/02/12 02:46 PM,2012189286,"212 NEBRASKA AV-CO",,6,38.96588,-92.33413,-1
7000,10/08/12 04:27 AM,2012193053,"LOCUST ST-CO/TENTH ST S-CO",,4,38.9495,-92.3266,-1
5200,10/14/12 06:44 AM,2012197159,"2402 PARIS RD-CO",,3,38.97346,-92.30178,-1
6051,10/12/12 12:09 AM,2012195396,"3211 CLARK LN-CO",,6,38.96443,-92.29003,2
7314,10/07/12 12:00 AM,2012192365,"BROADWAY W-CO/EDGEWOOD AV-CO",,1,38.9513,-92.3437,-1
858,10/29/12 01:29 PM,2012206800,"101 NIFONG BLVD E-CO",,3,38.9101,-92.33853,-1
8344,10/03/12 08:48 PM,2012190181,"709 WOLF TRAIL-CO",,9,38.95851,-92.26382,-1
3514,10/20/12 04:14 AM,2012200881,"2203 RANGE LINE ST-CO","2A",32,38.9748,-92.3273,-1
4467,10/16/12 10:07 PM,2012198733,"126 PROVIDENCE RD S-CO",,7,38.94991,-92.33378,-1
4643,10/16/12 02:05 PM,2012198346,"PROVIDENCE RD S-CO/ROLLINS ST-CO",,26,38.9426,-92.3335,-1
9136,10/01/12 12:51 PM,2012188556,"16 HITT ST-CO",1,16,38.95062,-92.3252,-1
6322,10/10/12 10:16 PM,2012194721,"310 PROVIDENCE RD N-CO",,3,38.95516,-92.33355,-1
8333,10/03/12 09:17 PM,2012190202,"23 WALNUT ST E-CO",,24,38.95302,-92.3368,-1
7420,10/06/12 05:32 PM,2012192140,"1609 ANDRETTI CIR-CO",,16,38.93126,-92.26166,-1
8223,10/04/12 04:17 AM,2012190453,"SYLVAN LN-CO/WHITE GATE DR-CO",,1,38.968,-92.3012,-1
1846,10/26/12 02:54 PM,2012204822,"PROVIDENCE RD S-CO/GREEN MEADOWS RD E-CO",,5,38.9163,-92.3347,5
3603,10/19/12 10:57 PM,2012200672,"CITY",,8,38.9525,-92.3305,-1
5303,10/14/12 02:53 AM,2012197001,"BROADWAY W-CO/CLINKSCALES RD-CO",,3,38.9531,-92.3623,-1
8788,10/02/12 02:37 PM,2012189284,"5000 KIRK HILL RD-CO",,10,38.95852,-92.26167,-1
9097,10/01/12 03:05 PM,2012188638,"1700 TIDE WATER DR-CO",,3,39.005,-92.3134,-1
8914,10/02/12 12:57 AM,2012189014,"1600 GLENOVER CT-CO",,15,38.96842,-92.28077,-1
167,10/31/12 06:34 PM,2012208417,"2100 BLK BERNADETTE DR-CO",,7,38.9655,-92.3723,-1
2680,10/23/12 06:03 PM,2012202801,"1407 ILLINOIS AV-CO",,17,38.96677,-92.33536,-1
8615,10/02/12 11:56 PM,2012189646,"1204 EIGHTH ST N-CO","B",17,38.96336,-92.32527,-1
6575,10/10/12 12:02 AM,2012194155,"4001 NORTH PHOENIX RD-CO",,18,38.97072,-92.27663,-1
7999,10/04/12 08:20 PM,2012190906,"2301 WORLEY ST W-CO",,34,38.9629,-92.37609,-1
1009,10/28/12 06:04 PM,2012206501,"604 PEAR TREE CIR-CO",,12,38.89933,-92.35125,9
6308,10/10/12 10:51 PM,2012194744,"1504 BROADWAY E-CO",219,17,38.95058,-92.31781,-1
1792,10/26/12 06:32 PM,2012204962,"100 BROADWAY W-CO",,24,38.95108,-92.33983,2
5642,10/13/12 06:12 AM,2012196358,"100 TENTH ST S-CO",,17,38.95019,-92.326,1
4662,10/16/12 01:05 PM,2012198319,"PROVIDENCE RD S-CO/ROLLINS ST-CO",,7,38.9426,-92.3335,-1
5850,10/12/12 06:32 PM,2012195851,"HIGHWAY 63 S SB-CO/GRINDSTONE PKWY-CO",,1,38.9129,-92.2938,-1
7441,10/06/12 04:00 PM,2012192105,"1401 SMILEY LN-CO",,10,38.99321,-92.31822,-1
2940,10/22/12 05:03 PM,2012202162,"BUSINESS LOOP 70 E-CO/COLLEGE AV N-CO",,1,38.964,-92.3212,-1
2066,10/25/12 06:24 PM,2012204286,"1000 KENNESAW RIDGE RD-CO",,22,38.98819,-92.32411,-1
4386,10/17/12 02:52 AM,2012198888,"RANGE LINE ST-CO/VANDIVER DR-CO",,40,38.971,-92.3257,-1
8098,10/04/12 03:07 PM,2012190682,"1313 LAKEVIEW AV-CO",,33,38.96561,-92.31993,2
37,11/01/12 02:16 AM,2012208722,"SNOWY OWL DR-CO/ARCTIC FOX DR-CO",,8,38.9905,-92.3349,-1
8546,10/03/12 04:49 AM,2012189792,"17 NINTH ST N-CO",,37,38.95217,-92.32775,2
7804,10/05/12 12:55 PM,2012191335,"1104 PROVIDENCE RD N-CO",,8,38.96336,-92.33143,-1
3141,10/21/12 06:31 PM,2012201686,"2801 NORTHLAND DR-CO",,17,38.97923,-92.31305,8
1940,10/26/12 04:12 AM,2012204612,"600 WALNUT ST E-CO",,33,38.95248,-92.33047,-1
480,10/30/12 07:54 PM,2012207708,"4303 PROVIDENCE RD S-CO",,17,38.90182741,-92.33708557,2
8543,10/03/12 05:37 AM,2012189797,"6111 PARIS RD-CO",,16,39.01605,-92.27405,3
1336,10/27/12 08:21 PM,2012205820,"5000 BLK SILVER MILL DR-CO",,17,39.005,-92.3319,-1
4999,10/15/12 03:57 AM,2012197595,"508 MIKEL ST-CO",,47,38.96416,-92.34527,-1
4252,10/17/12 04:54 PM,2012199188,"3900 CLARK LN-CO",194,18,38.96341,-92.27498,-1
3465,10/20/12 07:11 AM,2012200960,"TENTH ST N-CO/ROGERS ST-CO",,3,38.9566,-92.3263,-1
135,10/31/12 08:42 PM,2012208504,"2500 OLD HIGHWAY 63 S-CO",,17,38.92197,-92.30634,-1
1866,10/26/12 01:21 PM,2012204771,"CITY",,8,38.9525,-92.3305,-1
4551,10/16/12 05:35 PM,2012198523,"4901 ALPINE RIDGE DR-CO",,28,39.00276,-92.33496,-1
747,10/29/12 08:57 PM,2012207076,"CITY",,26,38.9525,-92.3305,2
5162,10/14/12 11:32 AM,2012197238,"3520 MARQUIS CT-CO",,42,38.9107,-92.3013,-1
4659,10/16/12 01:16 PM,2012198322,"I70 E-CO/HIGHWAY 63 CONNECTOR SB-CO",,14,38.9617,-92.2921,-1
7688,10/05/12 09:24 PM,2012191598,"HITT ST-CO/UNIVERSITY AV-CO",,1,38.9465,-92.3256,-1
5813,10/12/12 09:02 PM,2012195965,"600 WALNUT ST E-CO",,33,38.95248,-92.33047,-1
5960,10/12/12 06:21 AM,2012195583,"915 CHERRY ST-CO",,10,38.9506,-92.32686,-1
793,10/29/12 05:34 PM,2012207016,"403 DYSART ST-CO",,54,38.95933,-92.33237,-1
6605,10/09/12 09:49 PM,2012194071,"1986 OLD PLANK VILLAGE DR W-BC",,3,38.87409,-92.37092,-1
987,10/28/12 08:06 PM,2012206500,"2300 BERNADETTE DR-CO",604,17,38.96333,-92.37578,-1
3064,10/22/12 02:10 AM,2012201875,"5400 PARIS RD-CO",,7,39.00898,-92.27117,-1
7432,10/06/12 04:47 PM,2012192120,"2900 PARIS RD-CO","B",1,38.97944,-92.29337,-1
2466,10/24/12 02:04 PM,2012203343,"PROVIDENCE RD N-CO/BUSINESS LOOP 70 E-CO",,1,38.9647,-92.3339,-1
3638,10/19/12 09:37 PM,2012200648,"STADIUM BLVD N-CO/BERNADETTE DR-CO",,7,38.9653,-92.3712,-1
7375,10/06/12 08:19 PM,2012192235,"CITY",,8,38.9525,-92.3305,-1
2054,10/25/12 07:09 PM,2012204307,"900 PROVIDENCE RD S-CO",,5,38.94126,-92.33314,-1
5681,10/13/12 04:30 AM,2012196296,"1010 CLUB VILLAGE DR-CO","A",47,38.90951,-92.35514,-1
2403,10/24/12 05:42 PM,2012203489,"310 PROVIDENCE RD N-CO",,18,38.95516,-92.33355,-1
614,10/30/12 12:20 PM,2012207430,"CLARK LN-CO/HENDRIX DR-CO",,1,38.9659,-92.3035,-1
6313,10/10/12 10:44 PM,2012194809,"1005 CHERRY ST-CO","LOT",24,38.95083,-92.32578,-1
4440,10/16/12 11:42 PM,2012198772,"5508 IRMA DR-CO",,49,38.97455,-92.25166,-1
3588,10/19/12 11:44 PM,2012200709,"3001 BROADWAY W-CO",,34,38.95696,-92.38247,-1
4017,10/18/12 03:24 PM,2012199799,"1506 WILSON AV-CO",,42,38.94442,-92.31811,-1
5439,10/13/12 08:36 PM,2012196750,"1020 WALNUT ST E-CO",101,3,38.95238,-92.32568,-1
567,10/30/12 03:27 PM,2012207521,"2201 SMILEY LN-CO",,8,38.99535,-92.30553,-1
3115,10/21/12 08:52 PM,2012201740,"1010 I70 DR SOUTHWEST-CO",,16,38.96451,-92.35412,-1
6043,10/12/12 12:37 AM,2012195415,"1603 UNIVERSITY AV-CO",,5,38.94674,-92.31682,-1
6399,10/10/12 06:08 PM,2012194568,"RESEARCH PARK DR-CO/CARRIE FRANCKE DR-CO",,1,38.933816,-92.339321,-1
7363,10/06/12 08:56 PM,2012192267,"BERNADETTE DR-CO/WORLEY ST W-CO",,31,38.961,-92.369,-1
2356,10/24/12 08:37 PM,2012203615,"GRINDSTONE PKWY-CO/FALLING LEAF LN-CO",,7,38.9129,-92.2955,-1
4973,10/15/12 07:28 AM,2012197649,"1914 WAVERLY CT-CO",,4,38.90892,-92.31001,-1
7557,10/06/12 04:39 AM,2012191892,"304 NINTH ST S-CO",100,6,38.94826,-92.3273,3
3528,10/20/12 03:28 AM,2012200859,"4709 PIERRE ST-CO",,4,38.97574,-92.26547,-1
7749,10/05/12 05:18 PM,2012191447,"WILLIAM ST S-CO/WILSON AV-CO",,42,38.9447,-92.3172,-1
4734,10/16/12 02:13 AM,2012198161,"EIGHTH ST N-CO/ROGERS ST-CO",,1,38.9568,-92.3283,-1
1943,10/26/12 04:00 AM,2012204603,"2508 PARIS RD-CO","A",6,38.97563,-92.29864,-1
5771,10/12/12 11:14 PM,2012196071,"2101 BROADWAY W-CO",,3,38.9545,-92.37214,-1
8604,10/03/12 12:32 AM,2012189670,"2800 MULBERRY RD-CO","A",18,38.97484,-92.29602,2
8713,10/02/12 07:06 PM,2012189437,"1403 BUSINESS LOOP 70 E-CO",,32,38.9644,-92.31962,-1
6001,10/12/12 04:01 AM,2012195516,"STADIUM BLVD E-CO/PROVIDENCE RD S-CO",,1,38.9379,-92.3343,-1
5839,10/12/12 07:15 PM,2012195893,"101 FOURTH ST S-CO",,3,38.95013,-92.33339,-1
6782,10/09/12 02:43 AM,2012193611,"12 FOURTH AV-CO",,17,38.9611,-92.3377,-1
3846,10/19/12 02:06 AM,2012200147,"SWITZLER ST-CO/PROVIDENCE RD N-CO",,25,38.9563,-92.3342,-1
5309,10/14/12 02:41 AM,2012196992,"SNOWY OWL DR-CO/ARCTIC WOLF CT-CO",,8,38.9927,-92.3337,-1
1556,10/27/12 06:01 AM,2012205435,"29 TENTH ST S-CO",,59,38.95066,-92.32674,-1
1212,10/28/12 03:18 AM,2012206098,"2200 I70 DR SOUTHWEST-CO",602,10,38.96694,-92.37346,-1
7361,10/06/12 09:04 PM,2012192269,"BUTTONWOOD DR-CO/NIFONG BLVD E-CO",,3,38.9098,-92.3306,2
6839,10/08/12 09:18 PM,2012193441,"GARTH AV N-CO/BUSINESS LOOP 70 E-CO",,17,38.9652,-92.3386,-1
7241,10/07/12 03:21 AM,2012192497,"CHERRY ST-CO/TENTH ST S-CO",,12,38.9505,-92.3265,-1
3747,10/19/12 02:17 PM,2012200362,"1310 I70 W-CO",,14,38.9603,-92.2552,-1
2037,10/25/12 08:36 PM,2012204353,"600 WALNUT ST E-CO",,2,38.95248,-92.33047,2
8114,10/04/12 02:12 PM,2012190645,"1505 SYLVAN LN-CO",,16,38.96712,-92.30154,-1
4741,10/16/12 01:14 AM,2012198134,"3401 BROADWAY W-CO",,16,,,-1
4743,10/16/12 01:12 AM,2012198131,"813 GREEN MEADOWS RD E-CO",106,15,38.91549,-92.32801,-1
3225,10/21/12 06:34 AM,2012201500,"51 CONLEY RD-CO",,3,38.95045,-92.29421,-1
1693,10/26/12 11:55 PM,2012205176,"JACKSON ST-CO/BUSINESS LOOP 70 W-CO",,1,38.966,-92.3469,-1
7212,10/07/12 04:45 AM,2012192554,"1418 GREENSBORO DR-CO",,10,39.007,-92.31749,-1
5633,10/13/12 06:30 AM,2012196372,"SEVENTH ST N-CO/PARK AV-CO",,3,38.9546,-92.3296,-1
8611,10/03/12 12:16 AM,2012189654,"1210 PAQUIN ST-CO",,4,38.9475,-92.32261,-1
5351,10/14/12 12:46 AM,2012196914,"2300 BERNADETTE DR-CO",502,34,38.96388,-92.37571,-1
7810,10/05/12 12:29 PM,2012191326,"600 WALNUT ST E-CO",,33,38.95248,-92.33047,-1
2275,10/25/12 01:17 AM,2012203808,"COLLEGE AV S-CO/BROADWAY E-CO",,1,38.9514,-92.3219,-1
6883,10/08/12 05:49 PM,2012193314,"603 TALON RD-CO",102,38,38.95669,-92.25907,-1
5225,10/14/12 06:02 AM,2012197121,"SEVENTH ST N-CO/WALNUT ST E-CO",,1,38.9526,-92.3297,-1
3509,10/20/12 04:24 AM,2012200887,"CITY",,33,38.9525,-92.3305,-1
8282,10/04/12 12:21 AM,2012190313,"BROADWAY W-CO/CLINKSCALES RD-CO",,3,38.9531,-92.3623,-1
1407,10/27/12 04:54 PM,2012205692,"1120 WILKES BLVD-CO",,1,38.9598,-92.32322,-1
4904,10/15/12 04:08 PM,2012197781,"211 ANITA CT-CO",12,12,38.95396,-92.30821,-1
2755,10/23/12 06:36 AM,2012202592,"GARTH AV N-CO/LYNN ST-CO",,1,38.9592,-92.3388,-1
647,10/30/12 04:50 AM,2012207344,"4217 LANGHAM DR-CO",,18,38.9937,-92.31131,-1
663,10/30/12 02:30 AM,2012207285,"201 LONGFELLOW LN-CO",,17,38.95145,-92.36769,-1
3753,10/19/12 01:44 PM,2012200350,"4600 BETHEL ST-CO",,8,38.9,-92.3436,-1
770,10/29/12 07:10 PM,2012207085,"709 FOURTH ST N-CO",,5,38.96,-92.33306,-1
692,10/30/12 12:44 AM,2012207261,"2801 BROADWAY W-CO","R3",9,38.95625,-92.38035,-1
2419,10/24/12 04:47 PM,2012203453,"309 SANFORD AV-CO",,9,38.95646,-92.34521,-1
6923,10/08/12 03:29 PM,2012193270,"BROWN STATION RD-CO/ELM GROVE DR-CO",,12,38.9949,-92.2895,-1
6488,10/10/12 12:29 PM,2012194389,"SMILEY LN-CO/RANGE LINE ST-CO",,41,38.9931,-92.3238,-1
4870,10/15/12 06:12 PM,2012197861,"5310 ST CHARLES RD E-BC",,10,38.95702241,-92.25622819,-1
5982,10/12/12 05:28 AM,2012195554,"3500 CLARK LN-CO",,16,38.96346,-92.28559,-1
839,10/29/12 03:23 PM,2012206870,"2512 SPRUCE DR-CO",,32,38.98228,-92.30024,-1
2501,10/24/12 08:04 AM,2012203263,"NIFONG BLVD W-CO/WOODRAIL ON THE GREEN-CO",,1,38.9094,-92.3644,-1
3784,10/19/12 07:00 AM,2012199641,"800 VANDIVER DR-CO",,35,38.97074,-92.32714,-1
7835,10/05/12 07:26 AM,2012191265,"ROLLINS ST-CO/MISSOURI AV-CO",,1,38.9422,-92.3285,-1
7030,10/08/12 12:14 AM,2012192962,"3807 BLK CLYDESDALE DR-CO",,44,,,-1
8177,10/04/12 06:37 AM,2012190519,"2116 BERNADETTE DR-CO",,16,38.96494,-92.37177,-1
122,10/31/12 09:26 PM,2012208533,"1612 PROVIDENCE RD N-CO",,17,38.97039,-92.33199,-1
4266,10/17/12 03:20 PM,2012199127,"BUSINESS LOOP 70 E-CO/RANGE LINE ST-CO",,1,38.964,-92.3247,-1
8202,10/04/12 05:23 AM,2012190481,"100 NINTH ST S-CO",,6,38.95033,-92.32738,-1
5992,10/12/12 04:28 AM,2012195533,"205 BUSINESS LOOP 70 E-CO",,18,38.96512,-92.33493,-1
2781,10/23/12 03:38 AM,2012202528,"4405 CHERYL CT-CO",,17,38.93201,-92.4016,-1
2273,10/25/12 01:36 AM,2012203830,"310 HARTLEY CT-CO",,2,38.95584,-92.3158,-1
985,10/28/12 08:27 PM,2012206508,"212 OLD HIGHWAY 63 N-CO",,10,38.95421,-92.31094,-1
2570,10/24/12 01:29 AM,2012203084,"4411 CLARK LN-CO","B",15,38.96396,-92.27046,-1
2423,10/24/12 04:22 PM,2012203444,"1521 BODIE DR-CO",,38,39.00733,-92.31572,2
6982,10/08/12 07:06 AM,2012193106,"222 BROADWAY E-CO",,24,38.95102,-92.33445,2
3377,10/20/12 05:20 PM,2012201160,"2300 BERNADETTE DR-CO",1,34,38.96371,-92.37504,-1
8889,10/02/12 03:04 AM,2012189076,"8 BLK PENDLETON ST-CO",,40,,,-1
3369,10/20/12 06:07 PM,2012201228,"2221 PARKS EDGE PL-CO",,24,38.98702,-92.30404,-1
7492,10/06/12 08:26 AM,2012192001,"VANDIVER DR-CO/PARKER ST-CO",,1,38.9711,-92.3131,1
6524,10/10/12 04:48 AM,2012194297,"ST JOSEPH ST-CO/ASH ST E-CO",,42,38.9537,-92.3228,-1
3376,10/20/12 05:21 PM,2012201148,"1900 BUSINESS LOOP 70 E-CO",,1,38.96291,-92.30945,-1
3633,10/19/12 09:44 PM,2012200618,"4130 LENOIR ST-CO",108,17,38.90438,-92.28588,-1
3299,10/21/12 12:33 AM,2012201337,"2116 PARIS RD-CO",,1,38.96962,-92.30517,-1
939,10/29/12 12:49 AM,2012206624,"1710 KITTY HAWK DR-CO",3,30,38.97616,-92.3128,4
4035,10/18/12 02:18 PM,2012199739,"HIGHLAND DR-CO/BROADWAY W-CO",,7,38.9541,-92.3735,-1
7642,10/06/12 12:18 AM,2012191706,"1306 CREASY SPRINGS RD-CO",,16,38.96726,-92.35206,-1
3778,10/19/12 08:20 AM,2012200309,"1221 WALNUT ST E-CO",305,4,38.95268,-92.322,-1
4309,10/17/12 12:47 PM,2012199056,"1700 FORUM BLVD-CO",1005,17,38.93145,-92.35961,-1
1583,10/27/12 04:57 AM,2012205377,"51 CONLEY RD-CO",,8,38.95045,-92.29421,-1
8622,10/02/12 11:36 PM,2012189633,"CITY",,9,38.9525,-92.3305,-1
6654,10/09/12 07:03 PM,2012193939,"CITY",,8,38.9525,-92.3305,7
2006,10/25/12 10:17 PM,2012204426,"2301 MAGUIRE BLVD-CO",,17,38.92352,-92.28837,-1
4979,10/15/12 05:47 AM,2012197634,"1412 RANGE LINE ST-CO",,18,38.96612,-92.32394,-1
7602,10/06/12 03:04 AM,2012191811,"915 PORT WY-CO",,8,38.95813,-92.25254,-1
5919,10/12/12 01:06 PM,2012195681,"4303 PROVIDENCE RD S-CO",,8,38.90182741,-92.33708557,-1
9144,10/01/12 11:54 AM,2012188544,"STADIUM BLVD N-CO/WORLEY ST W-CO",,7,38.9612,-92.3713,-1
4692,10/16/12 06:17 AM,2012198247,"PROVIDENCE RD N-CO/SWITZLER ST-CO",,1,38.9563,-92.3342,-1
7107,10/07/12 04:56 PM,2012192778,"WASHINGTON AV-CO/WILKES BLVD-CO",,1,38.9608,-92.3315,-1
401,10/30/12 11:44 PM,2012207873,"1404 AVATAR CT-CO",,32,38.99364,-92.31801,-1
7081,10/07/12 07:14 PM,2012192843,"122 NINTH ST S-CO",,2,38.9498,-92.32737,2
5469,10/13/12 06:18 PM,2012196674,"102 NINTH ST S-CO",,27,38.95027,-92.32739,-1
6260,10/11/12 02:29 AM,2012194841,"2709 BROADWAY E-CO",,25,38.94789,-92.29646,-1
5555,10/13/12 02:17 PM,2012196525,"ASH ST E-CO/ST JOSEPH ST-CO",,42,38.9537,-92.3228,-1
3282,10/21/12 02:32 AM,2012201387,"BROADWAY W-CO/GLENWOOD AV N-CO",,1,38.9516,-92.3472,-1
4045,10/18/12 01:13 PM,2012199711,"4600 BETHEL ST-CO",,8,38.9,-92.3436,-1
6886,10/08/12 05:47 PM,2012193317,"1106 YIOTIS WY-CO",,29,38.87583,-92.36015,-1
5537,10/13/12 03:36 PM,2012196564,"1011 BROADWAY E-CO",,3,38.95166,-92.32603,-1
4337,10/17/12 06:15 AM,2012198969,"400 PROVIDENCE RD N-CO",,17,38.95633,-92.33356,-1
2044,10/25/12 08:11 PM,2012204335,"EIGHTH ST N-CO/BROADWAY E-CO",,1,38.9516,-92.3286,-1
44,11/01/12 01:51 AM,2012208705,"TEXAS AV W-CO/KATHY DR-CO",,1,38.9699,-92.348,-1
6610,10/09/12 09:29 PM,2012194056,"BURNAM AV-CO/PROVIDENCE RD S-CO",,1,38.9417,-92.3334,5
3647,10/19/12 09:08 PM,2012200596,"11450 AIRPORT DR S-BC",,17,38.81496,-92.22344,-1
2666,10/23/12 06:55 PM,2012202863,"705 VANDIVER DR-CO",,7,38.97172,-92.32824,-1
5854,10/12/12 06:25 PM,2012195849,"4304 BEARFIELD RD S-BC",,38,38.901151,-92.303723,-1
260,10/31/12 01:07 PM,2012208214,"1021 BROADWAY E-CO",,16,38.95166,-92.32577,-1
7550,10/06/12 04:54 AM,2012191902,"600 WALNUT ST E-CO",,33,38.95248,-92.33047,-1
4003,10/18/12 03:58 PM,2012199805,"1013 WEST BLVD N-CO",,24,38.96503,-92.35316,-1
3575,10/20/12 12:17 AM,2012200737,"216 OLD HIGHWAY 63 N-CO",,10,38.95463,-92.31154,-1
5215,10/14/12 06:14 AM,2012197134,"1621 TOWNE DR-CO","A",30,38.96969,-92.30407,-1
63,11/01/12 12:59 AM,2012208673,"807 BUSINESS LOOP 70 W-CO",,24,38.9665,-92.34957,-1
5782,10/12/12 10:43 PM,2012196077,"2205 STADIUM BLVD N-CO",,24,38.97808,-92.37108,-1
4994,10/15/12 04:16 AM,2012197606,"1306 RANGE LINE ST-CO",204,18,38.96485,-92.32419,-1
7956,10/04/12 11:14 PM,2012190979,"2001 WORLEY ST W-CO","B",40,38.96268,-92.37064,8
463,10/30/12 08:58 PM,2012207754,"ROCK QUARRY RD-CO/GRINDSTONE PKWY-CO",,31,38.9133,-92.3132,-1
5040,10/14/12 11:13 PM,2012197506,"415 CONLEY RD-CO",3,34,38.95495,-92.29669,-1
2734,10/23/12 12:35 PM,2012202650,"1704 PROVIDENCE RD N-CO",,6,38.97057,-92.33317,-1
3654,10/19/12 08:23 PM,2012200561,"100 BROADWAY W-CO",,8,38.95108,-92.33983,-1
7280,10/07/12 01:28 AM,2012192424,"OLD HIGHWAY 63 S-CO/STADIUM BLVD E-CO",,1,38.9321,-92.3115,-1
4533,10/16/12 06:23 PM,2012198557,"4114 HIDDEN CREEK CT-CO",,12,,,-1
4850,10/15/12 07:18 PM,2012197901,"2116 PARIS RD-CO",,6,38.96962,-92.30517,-1
1825,10/26/12 04:14 PM,2012204867,"GARTH AV N-CO/WORLEY ST E-CO",,7,38.958,-92.3388,-1
3221,10/21/12 06:52 AM,2012201508,"1 HOSPITAL DR-CO",,8,38.938239,-92.328423,-1
7852,10/05/12 05:33 AM,2012191217,"3614 WEST SUGAR TREE LN-CO",,24,38.9596,-92.28265,-1
3824,10/19/12 03:52 AM,2012200204,"405 NIFONG BLVD E-CO",,24,38.91194,-92.33355,-1
2189,10/25/12 06:29 AM,2012203997,"1016 BROADWAY E-CO","MAIN",3,38.9513,-92.3258,6
5742,10/13/12 01:15 AM,2012196149,"STADIUM BLVD N-CO/WORLEY ST W-CO",,1,38.9612,-92.3713,1
6770,10/09/12 04:32 AM,2012193647,"GRINDSTONE PKWY-CO/GRINDSTONE PLAZA DR-CO",,1,38.9134,-92.3188,-1
7871,10/05/12 03:57 AM,2012191168,"COLLEGE AV N-CO/ASH ST E-CO",,42,38.9537,-92.3217,-1
7278,10/07/12 01:35 AM,2012192428,"ROYAL LYTHAM DR-CO/ELSDON DR-CO",,1,38.8986,-92.358803,-1
4264,10/17/12 03:27 PM,2012199128,"I70 E-CO/HIGHWAY 63 CONNECTOR NB-CO",,3,38.9617,-92.2921,-1
2399,10/24/12 05:54 PM,2012203493,"1252 I70 E-CO",,3,38.9645,-92.3602,-1
491,10/30/12 07:21 PM,2012207674,"4200 BETHEL ST-CO",,37,38.90516,-92.34336,-1
6969,10/08/12 11:42 AM,2012193156,"NEBRASKA AV-CO/PROVIDENCE RD N-CO",,1,38.9664,-92.3338,-1
5749,10/13/12 12:29 AM,2012196124,"300 TEXAS AV W-CO",,18,38.97001,-92.34144,-1
8689,10/02/12 08:05 PM,2012189491,"1415 BOUCHELLE AV-CO",,24,38.9431,-92.31929,-1
6530,10/10/12 04:10 AM,2012194287,"2904 RANGE LINE ST-CO",,14,38.98092,-92.32536,-1
159,10/31/12 07:14 PM,2012208475,"103 FYFER PL-CO",,9,38.94901,-92.31364,-1
1496,10/27/12 08:04 AM,2012205518,"3220 ROCK QUARRY RD-CO",,10,38.91455,-92.31323,-1
196,10/31/12 04:52 PM,2012208356,"507 NIFONG BLVD E-CO",,13,38.9112,-92.3317,-1
1985,10/26/12 12:20 AM,2012204493,"2001 LAFAYETTE CT-CO",,47,38.97117,-92.25602,-1
2587,10/24/12 12:17 AM,2012203043,"1209 FORUM KATY PKWY-CO",,16,38.93475,-92.35698,-1
8445,10/03/12 04:14 PM,2012189982,"3211 CLARK LN-CO",,6,38.96443,-92.29003,-1
879,10/29/12 12:26 PM,2012206764,"4303 PROVIDENCE RD S-CO",,8,38.90182741,-92.33708557,-1
8195,10/04/12 05:51 AM,2012190494,"MKT TRAIL-CO/SCOTT BLVD S-CO",,25,38.9162,-92.4001,-1
8384,10/03/12 06:45 PM,2012190087,"415 CONLEY RD-CO",3,1,38.95495,-92.29669,2
4133,10/18/12 02:00 AM,2012199477,"2002 GRINDSTONE PKWY-CO",,47,38.91197,-92.31005,-1
6171,10/11/12 02:09 PM,2012195062,"800 STADIUM BLVD W-CO",,3,38.93819,-92.35111,-1
1577,10/27/12 05:14 AM,2012205396,"FIFTH ST S-CO/LOCUST ST-CO",,10,38.9496,-92.3319,-1
2553,10/24/12 02:27 AM,2012203122,"3916 OLYMPIC CT-CO",,32,38.96573,-92.27849,-1
1213,10/28/12 03:18 AM,2012206100,"3240 ROCK QUARRY RD-CO",,30,38.91422,-92.31233,-1
5020,10/15/12 01:28 AM,2012197546,"4410 BROWN STATION RD-CO",11,17,38.99626,-92.28704,-1
2351,10/24/12 08:50 PM,2012203625,"2513 CIMARRON DR-CO",,19,38.92325,-92.34847,-1
5925,10/12/12 12:26 PM,2012195662,"OAKLAND GRAVEL RD-CO/BLUE RIDGE RD-CO",,1,38.9855,-92.3025,-1
2830,10/22/12 11:40 PM,2012202395,"COLLEGE AV N-CO/BUSINESS LOOP 70 E-CO",,1,38.964,-92.3212,-1
7277,10/07/12 01:36 AM,2012192429,"WILSON AV-CO/COLLEGE AV S-CO",,1,38.9447,-92.322,-1
3240,10/21/12 05:32 AM,2012201480,"310 LASALLE PL-CO",,3,38.95566,-92.33623,-1
3720,10/19/12 04:28 PM,2012200413,"BROADWAY E-CO/BRICKTON RD-CO",,1,38.9466,-92.2962,-1
294,10/31/12 06:52 AM,2012208123,"PROVIDENCE RD S-CO/STEWART RD E-CO",,1,38.946,-92.3345,-1
709,10/29/12 11:16 PM,2012207170,"BROADWAY W-CO/STADIUM BLVD N-CO",,41,38.954,-92.3714,-1
6229,10/11/12 05:23 AM,2012194930,"ASH ST E-CO/EIGHTH ST N-CO",,10,38.9536,-92.3284,-1
3768,10/19/12 12:32 PM,2012200329,"2200 GRIZZLY CT-CO",,16,38.98058,-92.30526,-1
4540,10/16/12 06:06 PM,2012198527,"600 WALNUT ST E-CO",,8,38.95248,-92.33047,-1
8171,10/04/12 06:59 AM,2012190529,"PIONEER DR-CO/MARTHA DR-CO",,10,38.978289,-92.288083,-1
1521,10/27/12 06:56 AM,2012205482,"ANN ST S-CO/BROADWAY E-CO",,3,38.9502,-92.3144,-1
3151,10/21/12 05:53 PM,2012201675,"PROVIDENCE RD S-CO/ROLLINS ST-CO",,22,38.9426,-92.3335,-1
2903,10/22/12 07:25 PM,2012202275,"2501 SOUTH DR-CO",,12,38.97656,-92.30093,-1
7953,10/04/12 11:17 PM,2012190987,"602 MARY ST-CO",,13,38.95921,-92.33662,-1
8176,10/04/12 06:43 AM,2012190520,"GARTH AV N-CO/SEXTON RD E-CO",,44,38.9604,-92.3387,-1
2698,10/23/12 04:15 PM,2012202755,"NINTH ST S-CO/CHERRY ST-CO",,3,38.9505,-92.3276,-1
4249,10/17/12 05:02 PM,2012199196,"STRAWN RD-CO/BROADWAY W-CO",,31,38.9556,-92.3961,-1
700,10/30/12 12:06 AM,2012207199,"1200 SEVENTH ST N-CO",,9,38.96345,-92.32901,0
3212,10/21/12 08:02 AM,2012201531,"3101 OLD HIGHWAY 63 S-CO",,3,38.91618,-92.30503,-1
7484,10/06/12 11:19 AM,2012192020,"112 ANTELOPE DR-CO",,13,38.98553,-92.33517,-1
3138,10/21/12 06:57 PM,2012201698,"1 HOSPITAL DR-CO","SICU14",26,38.938239,-92.328423,-1
114,10/31/12 09:54 PM,2012208553,"1001 WORLEY ST W-CO",,16,38.96001,-92.35324,-1
5425,10/13/12 09:24 PM,2012196782,"4817 CLARK LN-CO",202,4,38.96581,-92.26296,-1
5604,10/13/12 07:40 AM,2012196422,"3532 PRESCOTT DR-CO",,10,38.91118,-92.30156,-1
7313,10/07/12 12:02 AM,2012192368,"UNIVERSITY AV-CO/COLLEGE AV S-CO",,1,38.9464,-92.322,-1
4842,10/15/12 07:35 PM,2012197920,"3001 BROADWAY W-CO",,54,38.95696,-92.38247,-1
2320,10/24/12 10:39 PM,2012203707,"2109 LIMESTONE AV-CO",,9,38.93264,-92.40864,-1
742,10/29/12 09:04 PM,2012207075,"2811 MULBERRY RD-CO",,12,38.97524,-92.29511,-1
7820,10/05/12 10:45 AM,2012191310,"NINTH ST N-CO/BROADWAY E-CO",,3,38.9515,-92.3276,-1
5096,10/14/12 06:16 PM,2012197375,"1412 FIR PL-CO",,37,38.96599,-92.32314,1
7050,10/07/12 10:51 PM,2012192925,"2025 PROVIDENCE RD S-CO","E",24,,,-1
7029,10/08/12 12:30 AM,2012192966,"806 ASH ST W-CO",,4,38.95519,-92.3499,-1
8482,10/03/12 02:12 PM,2012189918,"FAIRVIEW RD S-CO/ROLLINS RD-CO",,1,38.9468,-92.3809,-1
1064,10/28/12 11:45 AM,2012206330,"3402 I70 DR SOUTHEAST-CO",,24,38.9608,-92.28674,-1
806,10/29/12 04:48 PM,2012206923,"HIGHWAY 63 N NB-CO/ROUTE B-CO",,1,38.9883,-92.2858,10
2996,10/22/12 01:12 PM,2012202041,"I70 W-CO/RANGE LINE ST-CO",,1,38.9687,-92.325,-1
305,10/31/12 05:40 AM,2012208090,"PROVIDENCE RD N-CO/NEBRASKA AV-CO",,1,38.9664,-92.3338,-1
5849,10/12/12 06:38 PM,2012195859,"1809 CHAPEL WOOD RD-CO",,16,38.93291,-92.37987,-1
7906,10/05/12 01:39 AM,2012191070,"OAKLAND GRAVEL RD-CO/VANDIVER DR-CO",,1,38.9733,-92.3034,-1
8554,10/03/12 03:50 AM,2012189776,"3009 PARIS RD-CO","L",24,38.98173,-92.29268,-1
8273,10/04/12 12:55 AM,2012190331,"200 PROVIDENCE RD N-CO",,3,38.9541,-92.33375,10
5893,10/12/12 03:10 PM,2012195736,"CHAPEL HILL RD-CO/LIMERICK LN-CO",,50,38.9318,-92.3686,-1
9086,10/01/12 03:33 PM,2012188650,"2201 SMILEY LN-CO",,17,38.99535,-92.30553,-1
1306,10/27/12 10:35 PM,2012205895,"1 HOSPITAL DR-CO","ER",8,38.93827,-92.32839,-1
7989,10/04/12 08:53 PM,2012190922,"1204 EIGHTH ST N-CO","B",3,38.96336,-92.32527,-1
3722,10/19/12 04:23 PM,2012200409,"5320 HIGHWAY 763 N-CO",,17,39.00891,-92.32249,-1
2738,10/23/12 12:02 PM,2012202644,"821 WALNUT ST E-CO",,37,38.95272,-92.32772,-1
2476,10/24/12 01:33 PM,2012203318,"4303 PROVIDENCE RD S-CO",,24,38.90182741,-92.33708557,-1
3525,10/20/12 03:44 AM,2012200864,"101 FIFTH ST S-CO",,8,38.95045,-92.3321,-1
8599,10/03/12 01:12 AM,2012189684,"11 NINTH ST N-CO",,3,38.95198,-92.32774,-1
7473,10/06/12 12:51 PM,2012192093,"THORNBROOK SUBDIVISION",,4,38.8923,-92.409,9
6089,10/11/12 08:52 PM,2012195348,"507 HICKMAN AV-CO",,64,38.95811,-92.33114,-1
7717,10/05/12 07:58 PM,2012191540,"CLARK LN-CO/HIGHWAY 63 CONNECTOR NB-CO",,1,38.9636,-92.2918,2
5525,10/13/12 04:02 PM,2012196585,"BROADWAY E-CO/BROADWAY BLUFFS DR-CO",,14,38.9471,-92.3018,-1
8009,10/04/12 07:51 PM,2012190855,"500 LYON ST-CO",,62,38.95559,-92.33159,-1
3745,10/19/12 02:22 PM,2012200366,"111 PARKADE BLVD-CO",,14,38.97456,-92.33943,-1
2341,10/24/12 09:21 PM,2012203655,"1601 BURLINGTON ST-CO",,15,,,-1
335,10/31/12 03:46 AM,2012208028,"1507 GREENSBORO DR-CO",,9,39.00741,-92.31611,-1
2427,10/24/12 04:11 PM,2012203427,"STRAWN RD-CO/BROADWAY W-CO",,7,38.9556,-92.3961,-1
885,10/29/12 12:07 PM,2012206755,"CLARK LN-CO/HIGHWAY 63 CONNECTOR NB-CO",,36,38.9636,-92.2918,-1
3721,10/19/12 04:23 PM,2012200407,"LYNN ST-CO/OAK ST-CO",,3,38.9595,-92.3406,-1
773,10/29/12 07:02 PM,2012206989,"227 SIXTH ST S-CO",,49,38.94886,-92.33121,0
533,10/30/12 05:13 PM,2012207597,"1301 UNIVERSITY AV-CO",,42,38.94688,-92.32136,-1
8908,10/02/12 01:20 AM,2012189024,"GRINDSTONE PKWY-CO/BEARFIELD RD-CO",,14,38.9133,-92.304,-1
4923,10/15/12 03:12 PM,2012197745,"MELBOURNE ST-CO/WINDSOR ST-CO",,42,38.9539,-92.32,-1
2186,10/25/12 06:41 AM,2012204006,"COLLEGE AV S-CO/STADIUM BLVD E-CO",,1,38.9347,-92.3231,-1
7004,10/08/12 04:02 AM,2012193048,"1119 EASTLAND CIR-CO",,32,,,-1
1391,10/27/12 05:47 PM,2012205722,"207 STADIUM BLVD N-CO",,18,38.95878,-92.37469,-1
2978,10/22/12 02:54 PM,2012202092,"1012 CLAUDELL LN-CO",103,22,38.9629,-92.36619,-1
5986,10/12/12 05:12 AM,2012195548,"5008 STONE MOUNTAIN PKWY-CO",,22,38.93007,-92.26182,-1
358,10/31/12 02:03 AM,2012207975,"3206 BLK RANGE LINE ST-CO",,10,,,-1
7038,10/07/12 11:56 PM,2012192949,"1104 PROVIDENCE RD N-CO",,16,38.96336,-92.33143,-1
1209,10/28/12 03:35 AM,2012206108,"STAGS WY-CO/ROCK QUARRY RD-CO",,1,38.9211,-92.3171,-1
7445,10/06/12 03:46 PM,2012192099,"CITY",,33,38.9525,-92.3305,-1
3346,10/20/12 08:14 PM,2012201220,"2505 FELDSPAR CT-CO",,16,38.97646,-92.25151,-1
8794,10/02/12 02:22 PM,2012189272,"1408 UNIVERSITY AV-CO",,42,38.94611,-92.31958,-1
7220,10/07/12 04:05 AM,2012192535,"205 BUSINESS LOOP 70 E-CO",,5,38.96512,-92.33493,-1
4564,10/16/12 05:03 PM,2012198483,"PROVIDENCE RD S-CO/RESEARCH PARK DR-CO",,1,38.9348,-92.3366,-1
5577,10/13/12 12:45 PM,2012196490,"BROADWAY E-CO/HITT ST-CO",,8,38.9515,-92.3255,-1
3444,10/20/12 11:40 AM,2012201023,"PARIS RD-CO/HATHMAN PL-CO",,1,38.9665,-92.309,-1
1575,10/27/12 05:15 AM,2012205397,"3105 BLUFF CREEK DR-CO",,17,38.91474,-92.30014,-1
8891,10/02/12 02:53 AM,2012189070,"625 PARK AV-CO",,10,38.95476,-92.32945,-1
7701,10/05/12 08:32 PM,2012191559,"RANGE LINE ST-CO/I70 E-CO",,36,38.9686,-92.3249,-1
913,10/29/12 04:34 AM,2012206698,"904 COLLEGE AV N-CO",,1,38.96045,-92.32092,-1
786,10/29/12 06:10 PM,2012206960,"1311 BOUCHELLE AV-CO",,42,38.94311,-92.32092,-1
6286,10/11/12 12:18 AM,2012194793,"FORUM BLVD-CO/NIFONG BLVD W-CO",,14,38.9087,-92.354,-1
4394,10/17/12 02:30 AM,2012198871,"7 SIXTH ST N-CO","A",6,38.95204,-92.331,-1
2838,10/22/12 10:49 PM,2012202363,"5303 ASPEN RIDGE DR-CO",,42,39.00759,-92.33358,2
25,11/01/12 03:04 AM,2012208765,"280 APPLE TREE CT-CO","H",12,38.89964,-92.34806,-1
8274,10/04/12 12:52 AM,2012190330,"225 NINTH ST S-CO",,17,38.94866,-92.32787,-1
4649,10/16/12 01:47 PM,2012198334,"WEST BLVD N-CO/WORLEY ST W-CO",,1,38.9594,-92.3527,-1
3493,10/20/12 05:33 AM,2012200919,"15 FIFTH ST S-CO",,17,38.95078,-92.33208,2
8929,10/02/12 12:13 AM,2012188984,"ASH ST E-CO/ST JOSEPH ST-CO",,1,38.9537,-92.3228,-1
9143,10/01/12 12:15 PM,2012188547,"1909 WALNUT ST E-CO",6,17,38.95394,-92.30908,-1
1233,10/28/12 02:17 AM,2012206059,"COTTON WOOD CT-CO/THOMPSON RD-CO",,3,38.99,-92.2533,-1
6458,10/10/12 02:17 PM,2012194447,"1319 ROLLING ROCK DR-CO",,39,38.92097,-92.32088,-1
7522,10/06/12 06:07 AM,2012191943,"3200 PENN TER-CO",101,16,38.9658,-92.28533,-1
3798,10/19/12 05:59 AM,2012200261,"4130 LENOIR ST-CO","72A",10,38.9049,-92.28864,-1
5426,10/13/12 09:22 PM,2012196780,"1618 UNIVERSITY AV-CO",,42,38.94618,-92.31543,-1
9067,10/01/12 04:32 PM,2012188689,"4900 SCOTT BLVD S-CO",,7,,,-1
195,10/31/12 04:53 PM,2012208353,"FACE ROCK CT-CO/CHAPEL HILL RD-CO",,1,38.9334,-92.3772,-1
6019,10/12/12 02:16 AM,2012195472,"2900 BLK LAWNRIDGE CT-CO",,10,38.9884,-92.2939,-1
483,10/30/12 07:52 PM,2012207700,"WALNUT ST E-CO/SIXTH ST N-CO",,1,38.9526,-92.3308,-1
3912,10/18/12 09:22 PM,2012200010,"3900 CLARK LN-CO","C10",9,38.96299,-92.27799,-1
3383,10/20/12 04:49 PM,2012201139,"FORUM BLVD-CO/MILLS DR-CO",,7,38.9365,-92.3606,-1
1902,10/26/12 06:47 AM,2012204682,"A ALLEY-CO/TENTH ST S-CO",,3,38.951,-92.3265,-1
3511,10/20/12 04:22 AM,2012200886,"227 SIXTH ST S-CO",,6,38.94886,-92.33121,-1
1244,10/28/12 01:47 AM,2012206026,"SOUTHLAND DR-CO/ROCK QUARRY RD-CO",,1,38.9105,-92.3133,-1
2047,10/25/12 07:56 PM,2012204328,"STADIUM BLVD N-CO/WORLEY ST W-CO",,14,38.9612,-92.3713,-1
750,10/29/12 08:45 PM,2012207053,"600 WALNUT ST E-CO",,2,38.95248,-92.33047,-1
2995,10/22/12 01:17 PM,2012202043,"310 PROVIDENCE RD N-CO",,8,38.95516,-92.33355,-1
2363,10/24/12 08:18 PM,2012203595,"2900 PARIS RD-CO","B",65,38.97944,-92.29337,-1
1590,10/27/12 04:42 AM,2012205366,"KENTUCKY BLVD-CO/RICHMOND AV-CO",,1,38.9395,-92.3316,3
5251,10/14/12 05:03 AM,2012197085,"DOWNTOWN",,18,38.9525,-92.3305,-1
8924,10/02/12 12:29 AM,2012188998,"1718 PROVIDENCE RD N-CO",,3,38.97145,-92.33289,-1
99,10/31/12 11:05 PM,2012208592,"3504 DELMAR CT-CO",,29,38.91181,-92.30225,-1
444,10/30/12 09:48 PM,2012207784,"KELSEY DR-CO/IRMA DR-CO",,1,38.9755,-92.2519,-1
283,10/31/12 10:14 AM,2012208172,"2308 TULIP CT-CO",,44,38.97787,-92.37523,-1
4275,10/17/12 02:37 PM,2012199111,"BALLENGER LN-CO/TIMBER LN-CO",,36,38.9821,-92.2648,8
1174,10/28/12 04:38 AM,2012206156,"3906 DAYLILY CT-CO",,12,38.95644,-92.39392,-1
4883,10/15/12 05:25 PM,2012197829,"HINKSON AV-CO/FAY ST-CO",,3,38.957,-92.3228,-1
7008,10/08/12 03:30 AM,2012193035,"2101 BROADWAY W-CO",102,10,38.95557,-92.37208,-1
8199,10/04/12 05:36 AM,2012190487,"4303 NEEDHAM CT-CO",,17,38.90376,-92.3466,-1
5206,10/14/12 06:32 AM,2012197148,"BROADWAY E-CO/NINTH ST N-CO",,10,38.9515,-92.3276,-1
6054,10/11/12 11:58 PM,2012195386,"17 NINTH ST N-CO",,3,38.95217,-92.32775,-1
256,10/31/12 01:34 PM,2012208221,"NIFONG BLVD W-CO/SINCLAIR RD S-CO",,1,38.9101,-92.3724,-1
9048,10/01/12 05:36 PM,2012188733,"2309 BROADWAY W-CO",,12,38.95559,-92.3739,-1
2300,10/24/12 11:46 PM,2012203751,"2408 CREEKS EDGE CT-CO",,43,38.99057,-92.30137,-1
5852,10/12/12 06:29 PM,2012195850,"1809 CHAPEL WOOD RD-CO",,16,38.93291,-92.37987,-1
5196,10/14/12 06:56 AM,2012197168,"1909 WAVERLY CT-CO",,10,38.90941,-92.31011,-1
3879,10/18/12 10:56 PM,2012200049,"904 ELLETA BLVD-CO",,17,38.97388,-92.32602,-1
3559,10/20/12 01:15 AM,2012200778,"2203 RANGE LINE ST-CO","2A",32,38.9748,-92.3273,-1
6800,10/09/12 01:12 AM,2012193566,"606 ROLLINS ST-CO",,39,38.9422,-92.33043,-1
1651,10/27/12 01:58 AM,2012205261,"TENTH ST S-CO/A ALLEY-CO",,2,38.951,-92.3265,-1
4079,10/18/12 06:04 AM,2012199597,"915 CHERRY ST-CO",,11,38.9506,-92.32686,-1
753,10/29/12 08:13 PM,2012207059,"115 CONLEY RD-CO",,3,38.95257,-92.29414,-1
6832,10/08/12 10:00 PM,2012193499,"1904 BLK KATY LN-CO",,27,,,-1
8116,10/04/12 02:10 PM,2012190642,"TOWNE DR-CO/WHITE GATE DR-CO",,1,38.9681,-92.3049,8
8006,10/04/12 08:09 PM,2012190865,"BROADWAY E-CO/FIFTH ST S-CO",,1,38.9516,-92.3319,-1
2993,10/22/12 01:23 PM,2012202046,"4600 BETHEL ST-CO",,8,38.9,-92.3436,-1
5638,10/13/12 06:19 AM,2012196362,"22 FOURTH ST S-CO",,3,38.95081,-92.33267,-1
5188,10/14/12 07:12 AM,2012197178,"I70 E-CO/HIGHWAY 63 CONNECTOR SB-CO",,36,38.9617,-92.2921,2
1911,10/26/12 06:25 AM,2012204669,"1707 JUNIPER DR-CO",,4,38.90667,-92.31466,-1
3974,10/18/12 05:43 PM,2012199856,"GRINDSTONE PKWY-CO/BLUFF CREEK DR-CO",,41,38.913,-92.2985,-1
3256,10/21/12 04:24 AM,2012201447,"1119 ELLETA BLVD-CO","B",10,38.97572,-92.3226,-1
2697,10/23/12 04:26 PM,2012202753,"1 SMARR CT-CO",,17,38.95982,-92.31737,-1
6143,10/11/12 04:01 PM,2012195120,"201 PARK DE VILLE DR-CO",,39,38.95842,-92.38578,8
7105,10/07/12 05:01 PM,2012192787,"4130 LENOIR ST-CO",107,10,38.90446,-92.28828,-1
2479,10/24/12 01:16 PM,2012203312,"711 PROVIDENCE RD N-CO",,1,38.959648,-92.334124,-1
3616,10/19/12 10:23 PM,2012200649,"1013 DARIEN DR-CO",,17,38.94433,-92.40408,-1
2607,10/23/12 11:12 PM,2012203003,"3 THIRD AV-CO",,35,38.9624,-92.33827,-1
4368,10/17/12 04:05 AM,2012198919,"200 BLK PROVIDENCE WALKWAY-CO",,40,38.9558,-92.3348,-1
7632,10/06/12 01:01 AM,2012191731,"5003 LILLIAN DR-CO",,16,38.96762,-92.26175,6
6633,10/09/12 08:09 PM,2012193986,"1405 BOUCHELLE AV-CO",,17,38.94313,-92.32,-1
4269,10/17/12 03:17 PM,2012199130,"3406 RANGE LINE ST-CO",,43,38.98417,-92.32353,-1
6197,10/11/12 10:48 AM,2012195013,"3410 CLARK LN-CO",,24,38.96295,-92.28735,-1
5710,10/13/12 03:15 AM,2012196239,"RANGE LINE ST-CO/ROGERS ST-CO",,1,38.9564,-92.3249,-1
4914,10/15/12 03:33 PM,2012197768,"209 ALLEN WALKWAY-CO",,9,38.95446,-92.33722,-1
910,10/29/12 04:48 AM,2012206702,"CHERRY ST-CO/EIGHTH ST S-CO",,1,38.9505,-92.3286,-1
1562,10/27/12 05:40 AM,2012205419,"222 BROADWAY E-CO",,3,38.95102,-92.33445,-1
1387,10/27/12 05:55 PM,2012205726,"HIGHWAY 63 CONNECTOR NB-CO/I70 W-CO",,1,38.9619,-92.2921,-1
4762,10/15/12 11:55 PM,2012198095,"201 ASH ST W-CO",13,18,38.95443,-92.34104,-1
3109,10/21/12 09:27 PM,2012201755,"1615 BUSINESS LOOP 70 W-CO",,14,38.97245,-92.36267,-1
89,10/31/12 11:35 PM,2012208612,"CLAUDELL LN-CO/WORLEY ST W-CO",,1,38.9606,-92.3649,-1
5404,10/13/12 10:26 PM,2012196818,"CITY",,8,38.9525,-92.3305,-1
8542,10/03/12 05:40 AM,2012189799,"HIGHWAY 63 S SB-CO/GRINDSTONE PKWY-CO",,14,38.9129,-92.2938,-1
7590,10/06/12 03:17 AM,2012191827,"3412 GRINDSTONE PKWY-CO","A",25,38.91157,-92.2966,-1
8967,10/01/12 10:41 PM,2012188918,"600 BROADWAY E-CO",200,8,38.95132,-92.3305,2
3723,10/19/12 04:16 PM,2012200405,"406 SOUTHAMPTON DR E-CO",,26,,,-1
8217,10/04/12 04:45 AM,2012190460,"SYLVAN LN-CO/EASTWOOD DR-CO",,1,38.9653,-92.3013,-1
7405,10/06/12 06:38 PM,2012192178,"I70 E-CO/HIGHWAY 63 CONNECTOR SB-CO",,41,38.9617,-92.2921,-1
4208,10/17/12 08:29 PM,2012199288,"STEWART RD E-CO/PROVIDENCE RD S-CO",,5,38.946,-92.3345,-1
6737,10/09/12 12:19 PM,2012193738,"1500 VANDIVER DR-CO",,1,38.97022,-92.31592,-1
6249,10/11/12 02:56 AM,2012194867,"5215 SILVER MILL DR-CO",,17,39.0069,-92.33215,-1
583,10/30/12 02:52 PM,2012207492,"PROVIDENCE RD S-CO/CORPORATE PLAZA DR-CO",,1,38.8985,-92.3357,-1
8679,10/02/12 08:30 PM,2012189508,"220 BUSINESS LOOP 70 E-CO","A",20,38.96431,-92.33437,2
6407,10/10/12 05:54 PM,2012194552,"3211 CLARK LN-CO",,6,38.96443,-92.29003,-1
6697,10/09/12 03:30 PM,2012193820,"609 BROADWAY E-CO",,39,38.95181,-92.33027,-1
8921,10/02/12 12:37 AM,2012189016,"5005 THORNBROOK RIDGE-CO",,32,38.89651,-92.41151,-1
8442,10/03/12 04:19 PM,2012189986,"AUSTIN AV-CO/PROVIDENCE RD N-CO",,1,38.9639,-92.3339,
981,10/28/12 08:45 PM,2012206513,"3706 TRIPLE CROWN DR-CO",,16,38.98809,-92.31789,
3934,10/18/12 08:08 PM,2012199928,"2201 SMILEY LN-CO",,17,38.99535,-92.30553,
1367,10/27/12 06:48 PM,2012205764,"PROVIDENCE RD S-CO/ROLLINS ST-CO",,8,38.9426,-92.3335,
5735,10/13/12 01:53 AM,2012196176,"3001 PROVIDENCE RD S-CO","19D",27,38.91881,-92.33779,
6780,10/09/12 03:02 AM,2012193619,"4707 PIERRE ST-CO",,44,38.97567,-92.26576,
6896,10/08/12 05:14 PM,2012193298,"24 NINTH ST S-CO",,6,38.95078,-92.32738,
2061,10/25/12 06:39 PM,2012204287,"105 ASH ST W-CO",,2,38.95439,-92.33972,
634,10/30/12 06:38 AM,2012207373,"HIGHWAY 63 S NB-CO/GRINDSTONE CREEK-CO",,2,38.9269,-92.2945,
5422,10/13/12 09:39 PM,2012196791,"1301 OLD HIGHWAY 63 S-CO",204,27,38.93361,-92.3112,
3265,10/21/12 03:41 AM,2012201424,"3515 HIALEAH DR-CO",,3,38.91106,-92.30555,
7297,10/07/12 12:43 AM,2012192393,"FAIRVIEW RD S-CO/MALIBU CT-CO",,1,38.9424,-92.3809,
9079,10/01/12 03:49 PM,2012188659,"600 WALNUT ST E-CO",,33,38.95248,-92.33047,
6944,10/08/12 01:37 PM,2012193204,"STADIUM BLVD E-CO/ASHLAND RD-CO",,7,38.9331,-92.3155,
3849,10/19/12 01:58 AM,2012200155,"2902 FORUM BLVD-CO",100,24,38.92145,-92.362576,
8470,10/03/12 02:51 PM,2012189941,"BUSINESS LOOP 70 E-CO/SEVENTH ST N-CO",,26,38.9641,-92.3293,
1403,10/27/12 05:07 PM,2012205700,"2417 SANTA ROSA CT-CO",,17,38.91076,-92.30243,
2526,10/24/12 05:23 AM,2012203203,"1326 ASHLAND RD-CO",1,9,38.93202,-92.31406,
740,10/29/12 09:15 PM,2012207088,"4701 FALL BROOK DR-CO",,9,38.88934,-92.40743,
8636,10/02/12 10:54 PM,2012189600,"1270 I70 W-CO",,14,38.9688,-92.3276,
2629,10/23/12 08:45 PM,2012202933,"600 WALNUT ST E-CO",,2,38.95248,-92.33047,
5819,10/12/12 08:39 PM,2012195951,"415 BLK CONLEY RD-CO",,14,,,
4426,10/17/12 12:32 AM,2012198801,"BEAR CREEK DR-CO/SONDRA AV-CO",,1,38.9712,-92.3412,
8954,10/01/12 11:18 PM,2012188943,"725 BROADWAY E-CO",,3,38.951788,-92.328871,
6403,10/10/12 06:02 PM,2012194572,"201 STADIUM BLVD N-CO",,34,38.95821,-92.37318,
